{"1093449270":{"settings":{"lock_sticker":"no","lock_tgservice":"yes","lock_arabic":"no","lock_spam":"yes","fosh":"yes","set_name":"💖💖خودمونی ازاد💖💖","lock_contacts":"no","lock_rtl":"no","strict":"no","flood":"yes","public":"no","member":"no","lock_link":"yes"},"group_type":"SuperGroup","moderators":{"272461284":"(at)AFNero"},"long_id":"$0500000036b62c4147b2f78fc581be0f","set_owner":120550305},"1064181309":{"settings":{"lock_sticker":"no","lock_tgservice":"yes","lock_arabic":"no","lock_rtl":"no","lock_link":"no","lock_contacts":"no","public":"no","set_name":"❤️عشق ممنوع❤️","flood":"yes","member":"no","strict":"no","lock_spam":"yes"},"group_type":"SuperGroup","moderators":[],"long_id":"$050000003d1e6e3f773499935233d95a","set_owner":252804840},"1097915762":{"settings":{"lock_sticker":"no","lock_tgservice":"yes","lock_arabic":"no","lock_link":"yes","set_name":"😉گــــپ👥خـــاصـــ✌️","member":"no","lock_contacts":"no","strict":"no","lock_rtl":"no","public":"no","flood":"yes","username":"yes","lock_fwd":"yes","lock_spam":"yes"},"group_type":"SuperGroup","long_id":"$0500000072dd70413210468c9c1745c0","rules":"سلام همگی خوش امدید🌹\n\nلینک گروه ⛔️\nلینک کانال ⛔️\nگدایی استیکر ⛔\nپی وی دخترا⛔️\nفحاشی⛔️\nهر گونه تبلیغ ⛔️\nمخ زنی ⛔️\n+18⛔️\nhttps://telegram.me/joinchat/ESVZH0Fw3XLJFdM6jA88JQ","moderators":{"287660319":"(at)BOMB12123"},"set_owner":132803336},"1083164998":{"settings":{"lock_sticker":"no","lock_tgservice":"yes","lock_arabic":"no","lock_rtl":"no","lock_link":"no","lock_contacts":"no","public":"no","set_name":"Nero","flood":"yes","member":"no","strict":"no","lock_spam":"yes"},"group_type":"SuperGroup","moderators":[],"long_id":"$0500000046c98f401be4e8afad7dc342","set_owner":272461284},"1075629149":{"settings":{"lock_sticker":"no","lock_tgservice":"yes","lock_arabic":"no","lock_spam":"yes","set_name":"احیاگران طب سنتی تهران ( پرسش وپاسخ )","member":"no","lock_contacts":"yes","strict":"no","public":"no","lock_rtl":"no","flood":"yes","username":"yes","lock_fwd":"yes","lock_link":"yes"},"group_type":"SuperGroup","moderators":{"117199649":"(at)Zendegimh","297737737":"(at)M_aranjan"},"long_id":"$050000005dcc1c40e7507a0282aab98f","set_owner":"294994499"},"1089886117":{"settings":{"lock_sticker":"no","lock_tgservice":"yes","lock_arabic":"no","lock_rtl":"no","lock_link":"yes","lock_contacts":"no","public":"no","set_name":"Creators bot","flood":"yes","member":"no","strict":"no","lock_spam":"yes"},"group_type":"SuperGroup","moderators":[],"long_id":"$05000000a557f64072077e06b8f75a26","set_owner":267785153},"1054345919":{"settings":{"lock_sticker":"no","lock_tgservice":"yes","lock_arabic":"no","flood_msg_max":"10","lock_link":"yes","set_name":"کلبه ناشناخته ♥🏍","strict":"no","lock_contacts":"no","public":"no","lock_rtl":"no","flood":"yes","member":"no","lock_fwd":"yes","lock_spam":"yes"},"group_type":"SuperGroup","moderators":[],"long_id":"$05000000bf0ad83e268bea45ab814af8","set_owner":282667762},"1059933328":{"settings":{"lock_sticker":"no","lock_tgservice":"yes","lock_arabic":"no","lock_rtl":"no","lock_link":"yes","lock_contacts":"no","public":"no","set_name":"Music","flood":"yes","member":"no","strict":"no","lock_spam":"yes"},"group_type":"SuperGroup","moderators":[],"long_id":"$05000000904c2d3fbdca1b1f4e314170","set_owner":221977780},"1079798313":{"settings":{"lock_sticker":"no","lock_tgservice":"yes","lock_arabic":"no","lock_rtl":"no","lock_link":"yes","lock_contacts":"no","public":"no","set_name":"AFProtect","flood":"yes","member":"no","strict":"no","lock_spam":"yes"},"group_type":"SuperGroup","moderators":{"242019561":"(at)AFProtect"},"long_id":"$05000000296a5c407b4292ff2431da51","set_owner":242019561},"1088346242":{"settings":{"lock_sticker":"no","lock_tgservice":"yes","lock_arabic":"no","lock_rtl":"no","lock_link":"no","lock_contacts":"no","public":"no","set_name":"Tab","flood":"yes","member":"no","strict":"no","lock_spam":"yes"},"group_type":"SuperGroup","moderators":{"257554507":"(at)NAZiJoo0ooN","215515559":"(at)FatiJon85","262055123":"(at)Fatijo0on"},"long_id":"$0500000082d8de40f7b787ebba61000b","set_owner":"215515559"},"1079217422":{"settings":{"lock_sticker":"no","lock_tgservice":"yes","lock_arabic":"no","strict":"no","lock_link":"yes","set_name":"طب سنتی غلامپور","lock_contacts":"yes","lock_rtl":"no","member":"no","flood":"yes","public":"no","lock_fwd":"yes","lock_spam":"yes"},"group_type":"SuperGroup","moderators":[],"long_id":"$050000000e8d5340316cf8fb62ef76bf","set_owner":"297737737"},"1074758918":{"settings":{"lock_sticker":"no","lock_link":"yes","lock_contacts":"yes","lock_tgservice":"yes","lock_arabic":"no","set_name":"😎ایشته خاشد😎","fosh":"yes","member":"no","lock_rtl":"yes","strict":"no","public":"no","lock_emoji":"yes","flood":"yes","username":"yes","lock_fwd":"yes","lock_spam":"yes"},"group_type":"SuperGroup","long_id":"$0500000006850f4008d78b26a5612944","rules":"👈 💋 😎ایشته خاشد😎🙌👉\n🔱 قوانین گروه🔱\n✔ +18 ممنوع 🔞\n✔لینک تبلیغات ریمو 🚫❌\n✔توهین به اعضای گروه ریمو🚫❌\n✔رفتن به پی وی خانمها بدون اجازه ممنوع 🚫❌\nبامدیریت...🍷ݥــحــ∂ℳσԋﾑℳﾑــݥــد🍷","moderators":{"113292757":"🍷ݥــحــ∂ℳσԋﾑℳﾑــݥــد🍷 "},"set_owner":"113292757"},"1087685050":{"settings":{"lock_sticker":"no","lock_tgservice":"yes","lock_arabic":"no","lock_rtl":"no","lock_link":"yes","lock_contacts":"no","public":"no","set_name":"TeSt","flood":"yes","member":"no","strict":"no","lock_spam":"yes"},"group_type":"SuperGroup","moderators":[],"long_id":"$05000000bac1d440a82d7c6e17fdccd2","set_owner":242019561},"1076495623":{"settings":{"lock_sticker":"no","lock_tgservice":"yes","lock_arabic":"no","lock_rtl":"no","lock_link":"no","lock_contacts":"no","public":"no","set_name":"11111  Tab2","flood":"yes","member":"no","strict":"no","lock_spam":"yes"},"group_type":"SuperGroup","moderators":[],"long_id":"$0500000007052a403e4302b599acfb18","set_owner":65761134},"1077788783":{"settings":{"lock_member":"yes","warn_max":"3","lock_arabic":"no","lock_tgservice":"yes","lock_spam":"yes","lock_contacts":"no","set_name":"Hi","strict":"no","public":"no","lock_rtl":"no","flood":"yes","lock_sticker":"yes","member":"no","lock_link":"yes"},"group_type":"SuperGroup","moderators":{"272461284":"(at)AFNero","240410735":"(at)AFProject"},"long_id":"$050000006fc03d400282fdcbf969553a","set_owner":221977780},"1089806486":{"settings":{"lock_sticker":"no","lock_tgservice":"yes","lock_arabic":"no","lock_rtl":"no","lock_link":"no","lock_contacts":"no","public":"no","set_name":"Nero","flood":"yes","member":"no","strict":"no","lock_spam":"yes"},"group_type":"SuperGroup","moderators":[],"long_id":"$050000009620f540363ced255508fe76","set_owner":272461284},"133456156":{"settings":{"set_name":"💞پاتوق👌 باحالا💞","lock_photo":"no","flood":"yes","lock_name":"yes","lock_member":"no","lock_link":"yes"},"group_type":"Group","moderators":[],"long_id":"$020000001c61f4070000000000000000","set_owner":274595983},"1082463691":{"settings":{"lock_sticker":"no","tag":"yes","lock_tgservice":"yes","lock_arabic":"no","public":"no","lock_link":"yes","set_name":"پـــآپیـƤαριOƝـــפּטּ ツ","member":"no","strict":"no","lock_rtl":"no","lock_contacts":"no","flood":"yes","username":"yes","lock_fwd":"yes","lock_spam":"yes"},"group_type":"SuperGroup","moderators":{"294404108":"(at)AFNerobot"},"long_id":"$05000000cb1585408b787130a0a47175","set_owner":260418416},"1074867626":{"settings":{"lock_sticker":"no","media":"yes","lock_tgservice":"yes","lock_arabic":"no","flood_msg_max":"99","lock_link":"yes","set_name":"Nero Test","lock_contacts":"yes","public":"no","lock_rtl":"no","flood":"no","member":"no","strict":"no","lock_spam":"yes"},"group_type":"SuperGroup","moderators":[],"long_id":"$05000000aa2d11404dc8c338118806b9","set_owner":272461284},"1095216324":{"settings":{"lock_sticker":"no","media":"yes","strict":"no","lock_bots":"yes","cmd":"yes","lock_spam":"yes","fosh":"yes","warn_max":"5","lock_arabic":"no","lock_tgservice":"yes","flood_msg_max":"10","lock_contacts":"no","set_name":"ربات ضد لينك","member":"no","public":"no","lock_rtl":"no","flood":"yes","username":"yes","lock_fwd":"yes","lock_link":"yes"},"group_type":"SuperGroup","long_id":"$05000000c4ac4741c624cd2cf228d31b","rules":"پشتیبانے  ربات ضد لینڪ و اسپم \n🎈نرخ روبات🔹ضدلینک🔒ضداسپم🔐ضدفحش🔹ضد چالش👁 ضد تبلیغ\n1⃣ماهــــــــــیانـــــہ⬅️5000 تومان\n2⃣ڍۅ مــــــــــاه⬅️⬅️7000 تومان\n3⃣ســـــہ ماه◀️⬅️9000 تومان\n4⃣💥خرید بات بدون تاریخ انقضا\n15000تومان\n@AFBots_admin\nاگه ریپورتی بیا بات زیر👇👇👇\n@AFAdmin_bot\nگپ پشتیبانی ربات\nhttps://telegram.me/joinchat/BsTkekFHrMRKyCNX27vURw","moderators":{"251818429":"(at)AFProbot","294404108":"(at)AFNerobot","122110226":"(at)mr98_bot1","264561785":"(at)Nilo1123","257627103":"(at)AFhero","294690875":"(at)AFJokebot","272461284":"(at)AFNero","229533808":"(at)Crwn_bot","242019561":"(at)AFProtect","221977780":"(at)AFDanger"},"set_owner":"113566842"},"1088491543":{"settings":{"set_name":"Dorhami😍","media":"no","strict":"no","lock_bots":"no","cmd":"yes","lock_spam":"yes","fosh":"yes","lock_tgservice":"yes","lock_arabic":"no","flood_msg_max":"5","lock_fwd":"yes","lock_sticker":"yes","member":"no","public":"no","lock_contacts":"no","flood":"yes","lock_rtl":"yes","set_link":"https://telegram.me/joinchat/D8TkeUDhEBcfPYXyODeSOA","lock_link":"yes"},"group_type":"SuperGroup","long_id":"$050000001710e140ea9ea69bf50f47a3","rules":"سلام به سوپرگروه دورهمي خوش اومدید👈🙏🌹\nتبلیغات👈⛔️\nمثبت 18👈⛔️\nتوهین وبی ادبی👈⛔️\nزیر آبی⛔️\n\nامیدوارم که بهتون خوش بگذره😘","moderators":{"253309453":"(at)Cloud_me","264561785":"(at)marg124","294404108":"(at)AFNerobot","272461284":"(at)AFNero","257554507":"(at)NAZiJoo0ooN","242019561":"(at)AFProtect","242779041":"دنیام پر درد نیا! "},"set_owner":"257627103"},"1037142775":{"settings":{"lock_sticker":"no","lock_tgservice":"yes","lock_arabic":"no","lock_rtl":"no","lock_link":"no","lock_contacts":"no","public":"no","set_name":"➣☆Share.Contacts☆➣","flood":"yes","member":"no","strict":"no","lock_spam":"yes"},"group_type":"SuperGroup","moderators":[],"long_id":"$05000000f78ad13d9ad722f4ec426a22","set_owner":245300778},"1083981948":{"settings":{"lock_sticker":"no","lock_tgservice":"yes","lock_arabic":"no","lock_rtl":"no","lock_link":"no","lock_contacts":"no","public":"no","set_name":"گروه پشتیبانی ربات ضد اسپم","flood":"yes","member":"no","strict":"no","lock_spam":"yes"},"group_type":"SuperGroup","moderators":{"242032203":"(at)Y_Yasin_Shadow_Y"},"long_id":"$050000007c409c40383dc3e4cc0075a8","set_owner":"242032203"},"1073598163":{"settings":{"lock_sticker":"no","lock_tgservice":"yes","lock_arabic":"no","lock_rtl":"no","lock_link":"yes","lock_contacts":"no","public":"no","set_name":"گردهمی باحالا","flood":"yes","member":"no","strict":"no","lock_spam":"yes"},"group_type":"SuperGroup","moderators":[],"long_id":"$05000000d3cefd3f517993f949b926ae","set_owner":272461284},"1074502939":{"settings":{"lock_sticker":"no","lock_tgservice":"yes","lock_arabic":"no","lock_rtl":"no","lock_link":"no","lock_contacts":"no","public":"no","set_name":"فروش ربات ضد اسپم وضد لینک","flood":"yes","member":"no","strict":"no","lock_spam":"yes"},"group_type":"SuperGroup","moderators":[],"long_id":"$050000001b9d0b408e85d2921ca951fa","set_owner":131190851},"1081706859":{"settings":{"lock_sticker":"no","lock_tgservice":"yes","lock_arabic":"no","lock_rtl":"no","lock_link":"yes","lock_contacts":"no","public":"no","set_name":"😂پاریس 😲کوچولو😜","flood":"yes","member":"no","strict":"no","lock_spam":"yes"},"group_type":"SuperGroup","moderators":[],"long_id":"$050000006b89794087baba3a5dc0cca6","set_owner":272461284},"1076896000":{"settings":{"lock_sticker":"no","lock_tgservice":"yes","lock_arabic":"no","lock_rtl":"no","lock_link":"yes","lock_contacts":"no","public":"no","set_name":"🍏🍒گپ محمد🍒🍏","flood":"yes","member":"no","strict":"no","lock_spam":"yes"},"group_type":"SuperGroup","moderators":[],"long_id":"$0500000000213040db960495aebfb9c0","set_owner":201661706},"1069762020":{"settings":{"lock_sticker":"no","media":"yes","strict":"no","lock_tgservice":"yes","lock_arabic":"no","username":"yes","set_name":"Hamyar","lock_contacts":"yes","lock_spam":"yes","member":"no","lock_rtl":"no","public":"no","flood":"yes","lock_bots":"yes","lock_fwd":"yes","lock_link":"yes"},"group_type":"SuperGroup","moderators":[],"long_id":"$05000000e445c33fb28c6e9fe6ab5b45","set_owner":"251820616"},"1088673442":{"settings":{"lock_sticker":"no","lock_tgservice":"yes","lock_arabic":"no","lock_rtl":"no","lock_link":"no","lock_contacts":"no","public":"no","set_name":". پًًٍٍـًٍرًًٍٍشْیًًٍـًٍنًٍ®مٍٍُّوٌٍُُزًٍٍیًٍڪًٍٍ","flood":"yes","member":"no","strict":"no","lock_spam":"yes"},"group_type":"SuperGroup","moderators":{"282342819":"(at)AFBTest","272461284":"(at)AFNero"},"long_id":"$05000000a2d6e3405301d3b4965e3d18","set_owner":"149041020"},"1052392555":{"settings":{"lock_sticker":"no","cmd":"yes","lock_tgservice":"yes","lock_arabic":"no","lock_link":"yes","set_name":"لژ^_^لر👽","strict":"no","member":"no","lock_contacts":"yes","lock_rtl":"yes","public":"no","flood":"yes","fosh":"yes","lock_fwd":"yes","lock_spam":"yes"},"group_type":"SuperGroup","moderators":{"284988107":"(at)Alirezachetmokh"},"long_id":"$050000006b3cba3ed52c801a8dbf692b","set_owner":"284988107"},"1076083163":{"settings":{"set_name":"✰✰شیطونکای اغواگر✰✰","media":"no","strict":"no","lock_bots":"yes","lock_spam":"yes","tag":"yes","lock_tgservice":"yes","lock_arabic":"no","lock_sticker":"no","member":"no","lock_contacts":"yes","lock_rtl":"no","public":"no","flood":"no","username":"yes","lock_fwd":"no","lock_link":"yes"},"group_type":"SuperGroup","moderators":{"272461284":"(at)AFNero","294404108":"(at)AFNerobot","240410735":"(at)AFProject","212640771":"🌻🌻🌻","181033185":"•°ॐहहाც ε み 乙 ﾑ ∂ कहॐ°•°  •"},"long_id":"$05000000dbb923409d96251ad0fc4435","set_owner":"212640771"},"groups":{"1093449270":1093449270,"1064181309":1064181309,"1097915762":1097915762,"1083164998":1083164998,"1075629149":1075629149,"1089886117":1089886117,"1054345919":1054345919,"1059933328":1059933328,"1079798313":1079798313,"1088346242":1088346242,"1079217422":1079217422,"1074758918":1074758918,"1087685050":1087685050,"1076495623":1076495623,"1077788783":1077788783,"1089806486":1089806486,"133456156":133456156,"1082463691":1082463691,"1081706859":1081706859,"1095216324":1095216324,"1088491543":1088491543,"1037142775":1037142775,"1083981948":1083981948,"1073598163":1073598163,"1074502939":1074502939,"1076896000":1076896000,"1069762020":1069762020,"1088673442":1088673442,"1052392555":1052392555,"1076083163":1076083163,"1083432263":1083432263,"1074867626":1074867626,"1074256493":1074256493,"1093836796":1093836796},"1083432263":{"settings":{"lock_sticker":"no","tag":"yes","lock_tgservice":"yes","lock_arabic":"no","public":"no","lock_link":"yes","set_name":"سی ب  بالا ها","member":"no","strict":"no","lock_rtl":"no","lock_contacts":"yes","flood":"yes","username":"yes","lock_fwd":"yes","lock_spam":"yes"},"group_type":"SuperGroup","moderators":{"256737447":"(at)rraahhaa1673"},"long_id":"$0500000047dd9340cb6cea73fa3376eb","set_owner":251818429},"1074256493":{"settings":{"lock_sticker":"no","lock_tgservice":"yes","lock_arabic":"no","lock_rtl":"no","lock_link":"no","lock_contacts":"no","public":"no","set_name":"Cracking tools","flood":"yes","member":"no","strict":"no","lock_spam":"yes"},"group_type":"SuperGroup","moderators":[],"long_id":"$050000006dda074017f0b139b7fb181d","set_owner":"113566842"},"1093836796":{"settings":{"lock_sticker":"no","strict":"no","cmd":"yes","lock_spam":"yes","fosh":"yes","tag":"no","lock_tgservice":"yes","lock_arabic":"no","public":"no","set_name":"بچه های با حال ایران","inline":"yes","lock_contacts":"no","lock_rtl":"no","member":"no","flood":"yes","username":"yes","lock_fwd":"yes","lock_link":"no"},"group_type":"SuperGroup","moderators":{"122110226":"(at)mr98_bot1"},"long_id":"$05000000fc9f324146bca84bd7bdfdf2","set_owner":"261743794"}}