{"1079217422":{"set_owner":"297737737","long_id":"$050000000e8d5340316cf8fb62ef76bf","group_type":"SuperGroup","settings":{"lock_spam":"yes","strict":"no","public":"no","lock_link":"yes","lock_contacts":"yes","flood":"yes","lock_rtl":"no","lock_arabic":"no","lock_fwd":"yes","lock_tgservice":"yes","set_name":"طب سنتی غلامپور","lock_sticker":"no","member":"no"},"moderators":[]},"1069762020":{"set_owner":"251820616","long_id":"$05000000e445c33fb28c6e9fe6ab5b45","group_type":"SuperGroup","settings":{"lock_spam":"yes","strict":"no","public":"no","lock_link":"yes","username":"yes","lock_contacts":"yes","media":"yes","lock_rtl":"no","flood":"yes","member":"no","lock_arabic":"no","lock_bots":"yes","set_name":"Hamyar","lock_sticker":"no","lock_fwd":"yes","lock_tgservice":"yes"},"moderators":[]},"1097915762":{"set_owner":132803336,"long_id":"$0500000072dd70413210468c9c1745c0","group_type":"SuperGroup","settings":{"lock_spam":"yes","strict":"no","public":"no","lock_link":"yes","username":"yes","lock_contacts":"no","flood":"yes","lock_rtl":"no","lock_arabic":"no","lock_tgservice":"yes","lock_fwd":"yes","set_name":"😉گــــپ👥خـــاصـــ✌️","lock_sticker":"no","member":"no"},"moderators":{"287660319":"(at)BOMB12123"},"rules":"سلام همگی خوش امدید🌹\n\nلینک گروه ⛔️\nلینک کانال ⛔️\nگدایی استیکر ⛔\nپی وی دخترا⛔️\nفحاشی⛔️\nهر گونه تبلیغ ⛔️\nمخ زنی ⛔️\n+18⛔️\nhttps://telegram.me/joinchat/ESVZH0Fw3XLJFdM6jA88JQ"},"1052392555":{"set_owner":"284988107","long_id":"$050000006b3cba3ed52c801a8dbf692b","group_type":"SuperGroup","settings":{"lock_spam":"yes","strict":"no","public":"no","lock_link":"yes","lock_contacts":"yes","flood":"yes","lock_fwd":"yes","lock_sticker":"no","member":"no","lock_arabic":"no","set_name":"لژ^_^لر👽","cmd":"yes","fosh":"yes","lock_tgservice":"yes","lock_rtl":"yes"},"moderators":{"284988107":"(at)Alirezachetmokh"}},"1091676912":{"set_owner":13382425,"long_id":"$05000000f0aa1141abc5f823a7b206fa","group_type":"SuperGroup","settings":{"lock_spam":"yes","strict":"no","public":"no","lock_link":"yes","lock_contacts":"no","flood":"no","lock_rtl":"no","lock_arabic":"no","lock_bots":"yes","lock_tgservice":"yes","set_name":"تست","lock_sticker":"no","member":"no"},"moderators":[]},"1093449270":{"set_owner":120550305,"long_id":"$0500000036b62c4147b2f78fc581be0f","group_type":"SuperGroup","settings":{"lock_spam":"yes","strict":"no","public":"no","lock_link":"yes","lock_contacts":"no","flood":"yes","lock_rtl":"no","lock_arabic":"no","set_name":"💖💖خودمونی ازاد💖💖","lock_tgservice":"yes","fosh":"yes","lock_sticker":"no","member":"no"},"moderators":{"272461284":"(at)AFNero"}},"133456156":{"set_owner":274595983,"long_id":"$020000001c61f4070000000000000000","group_type":"Group","settings":{"flood":"yes","lock_member":"no","set_name":"💞پاتوق👌 باحالا💞","lock_link":"yes","lock_photo":"no","lock_name":"yes"},"moderators":[]},"1085323712":{"set_owner":282342819,"long_id":"$05000000c0b9b0401a7fab9c4e168f90","group_type":"SuperGroup","settings":{"lock_spam":"yes","strict":"no","public":"no","lock_link":"yes","flood":"no","lock_rtl":"no","lock_arabic":"no","lock_contacts":"no","lock_tgservice":"yes","set_name":"TestBots","lock_sticker":"no","member":"no"},"moderators":{"257554507":"(at)NAZiJoo0ooN"}},"1083981948":{"set_owner":"242032203","long_id":"$050000007c409c40383dc3e4cc0075a8","group_type":"SuperGroup","settings":{"lock_spam":"yes","strict":"no","public":"no","lock_link":"no","flood":"yes","lock_rtl":"no","lock_arabic":"no","lock_contacts":"no","lock_tgservice":"yes","set_name":"گروه پشتیبانی ربات ضد اسپم","lock_sticker":"no","member":"no"},"moderators":{"242032203":"(at)Y_Yasin_Shadow_Y"}},"1079798313":{"set_owner":242019561,"long_id":"$05000000296a5c407b4292ff2431da51","group_type":"SuperGroup","settings":{"lock_spam":"yes","strict":"no","public":"no","lock_link":"yes","flood":"yes","lock_rtl":"no","lock_arabic":"no","lock_contacts":"no","lock_tgservice":"yes","set_name":"AFProtect","lock_sticker":"no","member":"no"},"moderators":{"242019561":"(at)AFProtect"}},"1082463691":{"set_owner":260418416,"long_id":"$05000000cb1585408b787130a0a47175","group_type":"SuperGroup","settings":{"lock_spam":"yes","strict":"no","public":"no","lock_link":"yes","username":"yes","lock_contacts":"no","lock_fwd":"yes","lock_sticker":"no","member":"no","lock_arabic":"no","set_name":"پـــآپیـƤαριOƝـــפּטּ ツ","tag":"yes","flood":"yes","lock_tgservice":"yes","lock_rtl":"no"},"moderators":{"294404108":"(at)AFNerobot"}},"1081706859":{"set_owner":272461284,"long_id":"$050000006b89794087baba3a5dc0cca6","group_type":"SuperGroup","settings":{"lock_spam":"yes","strict":"no","public":"no","lock_link":"yes","flood":"yes","lock_rtl":"no","lock_arabic":"no","lock_contacts":"no","lock_tgservice":"yes","set_name":"😂پاریس 😲کوچولو😜","lock_sticker":"no","member":"no"},"moderators":[]},"1059933328":{"set_owner":221977780,"long_id":"$05000000904c2d3fbdca1b1f4e314170","group_type":"SuperGroup","settings":{"lock_spam":"yes","strict":"no","public":"no","lock_link":"yes","flood":"yes","lock_rtl":"no","lock_arabic":"no","lock_contacts":"no","lock_tgservice":"yes","set_name":"Music","lock_sticker":"no","member":"no"},"moderators":[]},"1081198079":{"set_owner":"65761134","long_id":"$05000000ffc571407bb26c73c2feb29f","group_type":"SuperGroup","settings":{"lock_tgservice":"yes","strict":"no","public":"no","lock_link":"no","flood_msg_max":"5","set_photo":"data/photos/channel_photo_1081198079.jpg","lock_spam":"yes","lock_sticker":"no","lock_rtl":"no","lock_arabic":"no","lock_fwd":"yes","set_name":"TeSt","lock_contacts":"no","flood":"yes","member":"no"},"moderators":{"65761134":"(at)nimabd"}},"1074758918":{"set_owner":"113292757","long_id":"$0500000006850f4008d78b26a5612944","group_type":"SuperGroup","settings":{"lock_spam":"yes","strict":"no","public":"no","lock_link":"yes","username":"yes","lock_contacts":"yes","lock_fwd":"yes","lock_sticker":"no","flood":"yes","member":"no","lock_arabic":"no","lock_emoji":"yes","set_name":"😎ایشته خاشد😎","fosh":"yes","lock_tgservice":"yes","lock_rtl":"yes"},"moderators":{"113292757":"🍷ݥــحــ∂ℳσԋﾑℳﾑــݥــد🍷 "},"rules":"👈 💋 😎ایشته خاشد😎🙌👉\n🔱 قوانین گروه🔱\n✔ +18 ممنوع 🔞\n✔لینک تبلیغات ریمو 🚫❌\n✔توهین به اعضای گروه ریمو🚫❌\n✔رفتن به پی وی خانمها بدون اجازه ممنوع 🚫❌\nبامدیریت...🍷ݥــحــ∂ℳσԋﾑℳﾑــݥــد🍷"},"1076083163":{"set_owner":"212640771","long_id":"$05000000dbb923409d96251ad0fc4435","group_type":"SuperGroup","settings":{"public":"no","lock_link":"yes","username":"yes","lock_sticker":"no","set_name":"✰✰شیطونکای اغواگر✰✰","lock_bots":"yes","lock_tgservice":"yes","strict":"no","lock_fwd":"no","tag":"yes","media":"no","flood":"no","member":"no","lock_arabic":"no","lock_contacts":"yes","lock_spam":"yes","lock_rtl":"no"},"moderators":{"240410735":"(at)AFProject","212640771":"🌻🌻🌻","272461284":"(at)AFNero","181033185":"•°ॐहहाც ε み 乙 ﾑ ∂ कहॐ°•°  •","294404108":"(at)AFNerobot"}},"1076495623":{"set_owner":65761134,"long_id":"$0500000007052a403e4302b599acfb18","group_type":"SuperGroup","settings":{"lock_spam":"yes","strict":"no","public":"no","lock_link":"no","flood":"yes","lock_rtl":"no","lock_arabic":"no","lock_contacts":"no","lock_tgservice":"yes","set_name":"11111  Tab2","lock_sticker":"no","member":"no"},"moderators":[]},"1087685050":{"set_owner":242019561,"long_id":"$05000000bac1d440a82d7c6e17fdccd2","group_type":"SuperGroup","settings":{"lock_spam":"yes","strict":"no","public":"no","lock_link":"yes","flood":"yes","lock_rtl":"no","lock_arabic":"no","lock_contacts":"no","lock_tgservice":"yes","set_name":"TeSt","lock_sticker":"no","member":"no"},"moderators":[]},"1064181309":{"set_owner":252804840,"long_id":"$050000003d1e6e3f773499935233d95a","group_type":"SuperGroup","settings":{"lock_spam":"yes","strict":"no","public":"no","lock_link":"no","flood":"yes","lock_rtl":"no","lock_arabic":"no","lock_contacts":"no","lock_tgservice":"yes","set_name":"❤️عشق ممنوع❤️","lock_sticker":"no","member":"no"},"moderators":[]},"1095216324":{"set_owner":"113566842","long_id":"$05000000c4ac4741c624cd2cf228d31b","group_type":"SuperGroup","settings":{"public":"no","lock_link":"yes","flood_msg_max":"10","lock_sticker":"no","set_name":"ربات ضد لينك","lock_bots":"yes","cmd":"yes","lock_tgservice":"yes","strict":"no","lock_fwd":"yes","inline":"yes","media":"yes","lock_spam":"yes","flood":"yes","member":"no","lock_arabic":"no","lock_contacts":"no","username":"yes","fosh":"yes","warn_max":"5","lock_rtl":"no"},"moderators":{"149254509":"(at)Seyaramin","294690875":"(at)AFJokebot","272461284":"(at)AFNero","245743155":"ॐ♥♜♛пξَģįп♜♚♥ॐ ","122110226":"(at)mr98_bot1","229533808":"(at)Crwn_bot","251818429":"(at)AFProbot","242019561":"(at)AFProtect","264561785":"(at)Nilo1123","294404108":"(at)AFNerobot","257627103":"(at)AFhero","221977780":"(at)AFDanger"},"rules":"پشتیبانے  ربات ضد لینڪ و اسپم \n🎈نرخ روبات🔹ضدلینک🔒ضداسپم🔐ضدفحش🔹ضد چالش👁 ضد تبلیغ\n1⃣ماهــــــــــیانـــــہ⬅️5000 تومان\n2⃣ڍۅ مــــــــــاه⬅️⬅️7000 تومان\n3⃣ســـــہ ماه◀️⬅️9000 تومان\n4⃣💥خرید بات بدون تاریخ انقضا\n15000تومان\n@AFBots_admin\nاگه ریپورتی بیا بات زیر👇👇👇\n@AFAdmin_bot\nگپ پشتیبانی ربات\nhttps://telegram.me/joinchat/BsTkekFHrMRKyCNX27vURw"},"1088673442":{"set_owner":"149041020","long_id":"$05000000a2d6e3405301d3b4965e3d18","group_type":"SuperGroup","settings":{"lock_spam":"yes","strict":"no","public":"no","lock_link":"no","flood":"yes","lock_rtl":"no","lock_arabic":"no","lock_contacts":"no","lock_tgservice":"yes","set_name":". پًًٍٍـًٍرًًٍٍشْیًًٍـًٍنًٍ®مٍٍُّوٌٍُُزًٍٍیًٍڪًٍٍ","lock_sticker":"no","member":"no"},"moderators":{"282342819":"(at)AFBTest","272461284":"(at)AFNero"}},"1074867626":{"set_owner":272461284,"long_id":"$05000000aa2d11404dc8c338118806b9","group_type":"SuperGroup","settings":{"lock_tgservice":"yes","strict":"no","public":"no","lock_link":"yes","flood_msg_max":"99","media":"yes","lock_sticker":"no","lock_rtl":"no","lock_arabic":"no","lock_spam":"yes","set_name":"Nero Test","lock_contacts":"yes","flood":"no","member":"no"},"moderators":[]},"1037142775":{"set_owner":245300778,"long_id":"$05000000f78ad13d9ad722f4ec426a22","group_type":"SuperGroup","settings":{"lock_spam":"yes","strict":"no","public":"no","lock_link":"no","flood":"yes","lock_rtl":"no","lock_arabic":"no","lock_contacts":"no","lock_tgservice":"yes","set_name":"➣☆Share.Contacts☆➣","lock_sticker":"no","member":"no"},"moderators":[]},"1083164998":{"set_owner":272461284,"long_id":"$0500000046c98f401be4e8afad7dc342","group_type":"SuperGroup","settings":{"lock_spam":"yes","strict":"no","public":"no","lock_link":"no","flood":"yes","lock_rtl":"no","lock_arabic":"no","lock_contacts":"no","lock_tgservice":"yes","set_name":"Nero","lock_sticker":"no","member":"no"},"moderators":[]},"1088491543":{"set_owner":"257627103","long_id":"$050000001710e140ea9ea69bf50f47a3","group_type":"SuperGroup","settings":{"public":"no","lock_link":"yes","set_link":"https://telegram.me/joinchat/D8TkeUDhEBcfPYXyODeSOA","lock_sticker":"yes","set_name":"Dorhami😍","lock_bots":"no","cmd":"yes","lock_tgservice":"yes","strict":"no","lock_fwd":"yes","media":"no","flood":"yes","member":"no","lock_arabic":"no","lock_contacts":"no","lock_spam":"yes","fosh":"yes","flood_msg_max":"5","lock_rtl":"yes"},"moderators":{"253309453":"(at)Cloud_me","257554507":"(at)NAZiJoo0ooN","272461284":"(at)AFNero","264561785":"(at)marg124","294404108":"(at)AFNerobot","242019561":"(at)AFProtect","242779041":"دنیام پر درد نیا! "},"rules":"سلام به سوپرگروه دورهمي خوش اومدید👈🙏🌹\nتبلیغات👈⛔️\nمثبت 18👈⛔️\nتوهین وبی ادبی👈⛔️\nزیر آبی⛔️\n\nامیدوارم که بهتون خوش بگذره😘"},"groups":{"1079217422":1079217422,"1069762020":1069762020,"1097915762":1097915762,"1052392555":1052392555,"1091676912":1091676912,"1093449270":1093449270,"133456156":133456156,"1085323712":1085323712,"1083981948":1083981948,"1079798313":1079798313,"1082463691":1082463691,"1081706859":1081706859,"1059933328":1059933328,"1081198079":1081198079,"1074758918":1074758918,"1076083163":1076083163,"1076495623":1076495623,"1087685050":1087685050,"1064181309":1064181309,"1095216324":1095216324,"1088673442":1088673442,"1074867626":1074867626,"1037142775":1037142775,"1083164998":1083164998,"1088491543":1088491543,"1075629149":1075629149,"1054345919":1054345919,"1077788783":1077788783,"1093836796":1093836796,"1074256493":1074256493,"1083432263":1083432263,"1088346242":1088346242,"1076896000":1076896000,"1074502939":1074502939,"1073598163":1073598163,"1089806486":1089806486},"1075629149":{"set_owner":"294994499","long_id":"$050000005dcc1c40e7507a0282aab98f","group_type":"SuperGroup","settings":{"lock_spam":"yes","strict":"no","public":"no","lock_link":"yes","username":"yes","lock_contacts":"yes","flood":"yes","lock_rtl":"no","lock_arabic":"no","lock_tgservice":"yes","lock_fwd":"yes","set_name":"احیاگران طب سنتی تهران ( پرسش وپاسخ )","lock_sticker":"no","member":"no"},"moderators":{"117199649":"(at)Zendegimh","297737737":"(at)M_aranjan"}},"1054345919":{"set_owner":282667762,"long_id":"$05000000bf0ad83e268bea45ab814af8","group_type":"SuperGroup","settings":{"lock_spam":"yes","strict":"no","public":"no","lock_link":"yes","flood_msg_max":"10","lock_contacts":"no","lock_sticker":"no","lock_rtl":"no","lock_arabic":"no","lock_tgservice":"yes","lock_fwd":"yes","set_name":"کلبه ناشناخته ♥🏍","flood":"yes","member":"no"},"moderators":[]},"1077788783":{"set_owner":221977780,"long_id":"$050000006fc03d400282fdcbf969553a","group_type":"SuperGroup","settings":{"lock_spam":"yes","strict":"no","public":"no","lock_link":"yes","warn_max":"3","lock_contacts":"no","flood":"yes","lock_rtl":"no","lock_arabic":"no","set_name":"Hi","lock_tgservice":"yes","lock_member":"yes","lock_sticker":"yes","member":"no"},"moderators":{"240410735":"(at)AFProject","272461284":"(at)AFNero"}},"1093836796":{"set_owner":150907306,"long_id":"$05000000fc9f3241c21a36bc47f7f375","group_type":"SuperGroup","settings":{"lock_spam":"yes","strict":"no","public":"no","lock_link":"yes","flood":"yes","lock_rtl":"no","lock_arabic":"no","lock_contacts":"no","lock_tgservice":"yes","set_name":"\u2068","lock_sticker":"no","member":"no"},"moderators":[]},"1074256493":{"set_owner":"113566842","long_id":"$050000006dda074017f0b139b7fb181d","group_type":"SuperGroup","settings":{"lock_spam":"yes","strict":"no","public":"no","lock_link":"no","flood":"yes","lock_rtl":"no","lock_arabic":"no","lock_contacts":"no","lock_tgservice":"yes","set_name":"Cracking tools","lock_sticker":"no","member":"no"},"moderators":[]},"1083432263":{"set_owner":251818429,"long_id":"$0500000047dd9340cb6cea73fa3376eb","group_type":"SuperGroup","settings":{"lock_spam":"yes","strict":"no","public":"no","lock_link":"yes","username":"yes","lock_contacts":"yes","lock_fwd":"yes","lock_sticker":"no","member":"no","lock_arabic":"no","set_name":"سی ب  بالا ها","tag":"yes","flood":"yes","lock_tgservice":"yes","lock_rtl":"no"},"moderators":{"256737447":"(at)rraahhaa1673"}},"1088346242":{"set_owner":"215515559","long_id":"$0500000082d8de40f7b787ebba61000b","group_type":"SuperGroup","settings":{"lock_spam":"yes","strict":"no","public":"no","lock_link":"no","flood":"yes","lock_rtl":"no","lock_arabic":"no","lock_contacts":"no","lock_tgservice":"yes","set_name":"Tab","lock_sticker":"no","member":"no"},"moderators":{"257554507":"(at)NAZiJoo0ooN","215515559":"(at)FatiJon85","262055123":"(at)Fatijo0on"}},"1076896000":{"set_owner":201661706,"long_id":"$0500000000213040db960495aebfb9c0","group_type":"SuperGroup","settings":{"lock_spam":"yes","strict":"no","public":"no","lock_link":"yes","flood":"yes","lock_rtl":"no","lock_arabic":"no","lock_contacts":"no","lock_tgservice":"yes","set_name":"🍏🍒گپ محمد🍒🍏","lock_sticker":"no","member":"no"},"moderators":[]},"1074502939":{"set_owner":131190851,"long_id":"$050000001b9d0b408e85d2921ca951fa","group_type":"SuperGroup","settings":{"lock_spam":"yes","strict":"no","public":"no","lock_link":"no","flood":"yes","lock_rtl":"no","lock_arabic":"no","lock_contacts":"no","lock_tgservice":"yes","set_name":"فروش ربات ضد اسپم وضد لینک","lock_sticker":"no","member":"no"},"moderators":[]},"1073598163":{"set_owner":272461284,"long_id":"$05000000d3cefd3f517993f949b926ae","group_type":"SuperGroup","settings":{"lock_spam":"yes","strict":"no","public":"no","lock_link":"yes","flood":"yes","lock_rtl":"no","lock_arabic":"no","lock_contacts":"no","lock_tgservice":"yes","set_name":"گردهمی باحالا","lock_sticker":"no","member":"no"},"moderators":[]},"1089806486":{"set_owner":272461284,"long_id":"$050000009620f540363ced255508fe76","group_type":"SuperGroup","settings":{"lock_spam":"yes","strict":"no","public":"no","lock_link":"no","flood":"yes","lock_rtl":"no","lock_arabic":"no","lock_contacts":"no","lock_tgservice":"yes","set_name":"Nero","lock_sticker":"no","member":"no"},"moderators":[]}}