{"1074811771":{"long_id":"$050000007b531040ba7f097289ef068d","moderators":{"229533808":"(at)Crwn_bot","272461284":"(at)AFNero","311653496":"(at)AFTurbo","242019561":"(at)AFProtect","1007757719":"(at)roshanak","92637994":"(at)Rvanak","244263600":"(at)AFProtect"},"settings":{"set_link":"https://telegram.me/joinchat/BYWLKkAQU3vkSgKqK-1Xcg","lock_link":"yes","lock_arabic":"no","set_name":"Laass & & vegaass","inline":"yes","strict":"no","lock_rtl":"no","username":"yes","member":"no","lock_spam":"yes","public":"no","lock_contacts":"yes","media":"yes","flood":"yes","lock_fwd":"yes","flood_msg_max":"5","lock_bots":"no","lock_sticker":"yes","number":"no","fosh":"yes","english":"no","lock_tgservice":"yes"},"set_owner":"92637994","group_type":"SuperGroup"},"1096809108":{"long_id":"$0500000094fa5f41106a25b0bef4b39b","moderators":{"240410735":"(at)AFProject","286254656":"سجی"},"settings":{"lock_link":"yes","lock_arabic":"no","set_name":"▩▩♚✍ډۆرﮪمێ✍♚▩▩","lock_tgservice":"yes","strict":"no","lock_rtl":"no","username":"yes","member":"no","lock_spam":"yes","lock_contacts":"yes","flood":"yes","lock_fwd":"yes","lock_sticker":"no","public":"no","fosh":"yes","media":"no","tag":"yes"},"group_type":"SuperGroup","set_owner":"252996993","rules":"فُیٍلَمِ وهِـرچیزَهِـ 🔞+\nلَینٌک=ریمِو و ڕێپۅڒﭞ😼\nبّـی أٍدبّـی=ریمِو😾\nوروده بی جنبه ها ممنوع\nیهِـ ✍♛ٍدُورهِـمی♛✍ ٍدُوستُأنهِـ بّأٍدُوسًتُأیهِـ مِجَأزَی😸👣\nهِـرَشّـبمِ صِـنٌدٍُلی ٍ⇜دأغّ⇝ دأریمِ😻😽🙈🙊"},"1088587844":{"long_id":"$050000004488e24098bff6e0b94e46f9","moderators":{"240410735":"(at)AFProject","180932682":"(at)birhasratyolu","118080274":"(at)Peymanas66","159083523":"(at)ROSANAK"},"settings":{"flood_msg_max":"10","lock_link":"yes","public":"no","set_name":"─═हई♚❤ทิі!ģнt↯❤♚ईह═─","lock_tgservice":"yes","strict":"no","lock_rtl":"no","member":"no","lock_spam":"yes","lock_contacts":"yes","tag":"yes","media":"yes","lock_arabic":"no","lock_sticker":"yes","number":"yes","fosh":"yes","flood":"yes","inline":"yes"},"set_owner":"178478194","group_type":"SuperGroup"},"1065376658":{"long_id":"$05000000925b803f88a91762b76f186c","moderators":[],"settings":{"lock_spam":"yes","lock_link":"no","lock_contacts":"no","lock_arabic":"no","set_name":"دانستنيهاي طب اسلامي و سنتي","flood":"yes","lock_fwd":"no","public":"no","lock_tgservice":"yes","lock_sticker":"no","strict":"no","lock_rtl":"no","username":"no","member":"no"},"group_type":"SuperGroup","set_owner":"109545825","rules":"📢قوانين گروه                                                     👇👇👇👇                                                      چت ممنون ⛔️  بجز پرسش وپاسخ در مورددرمان در طب اسلامي وسنتي"},"1054345919":{"long_id":"$05000000bf0ad83e268bea45ab814af8","moderators":[],"settings":{"flood_msg_max":"10","lock_link":"yes","lock_contacts":"no","lock_arabic":"no","set_name":"کلبه ناشناخته ♥🏍","flood":"yes","lock_fwd":"yes","lock_spam":"yes","lock_tgservice":"yes","strict":"no","public":"no","lock_rtl":"no","lock_sticker":"no","member":"no"},"set_owner":282667762,"group_type":"SuperGroup"},"1074941697":{"long_id":"$05000000014f12408184fa93540b4266","moderators":{"240410735":"(at)AFProject","221977780":"(at)AFDanger","300168274":"(at)AFdolat","311653496":"(at)AFTurbo"},"settings":{"flood_msg_max":"7","lock_link":"yes","lock_arabic":"no","set_name":"پشتيباني كهكشان","lock_tgservice":"yes","cmd":"yes","lock_rtl":"no","username":"yes","member":"no","lock_spam":"yes","lock_contacts":"no","flood":"yes","lock_bots":"yes","lock_sticker":"yes","inline":"yes","public":"no","strict":"no"},"set_owner":"113566842","group_type":"SuperGroup"},"133456156":{"long_id":"$020000001c61f4070000000000000000","moderators":[],"settings":{"lock_photo":"no","lock_member":"no","set_name":"💞پاتوق👌 باحالا💞","lock_link":"yes","lock_name":"yes","flood":"yes"},"set_owner":274595983,"group_type":"Group"},"1089806486":{"long_id":"$050000009620f540363ced255508fe76","moderators":[],"settings":{"lock_spam":"yes","lock_link":"no","lock_arabic":"no","set_name":"Nero","flood":"yes","strict":"no","lock_tgservice":"yes","lock_sticker":"no","public":"no","lock_rtl":"no","lock_contacts":"no","member":"no"},"set_owner":272461284,"group_type":"SuperGroup"},"1076896000":{"long_id":"$0500000000213040db960495aebfb9c0","moderators":[],"settings":{"lock_spam":"yes","lock_link":"yes","lock_arabic":"no","set_name":"🍏🍒گپ محمد🍒🍏","flood":"yes","strict":"no","lock_tgservice":"yes","lock_sticker":"no","public":"no","lock_rtl":"no","lock_contacts":"no","member":"no"},"set_owner":201661706,"group_type":"SuperGroup"},"1082463691":{"long_id":"$05000000cb1585408b787130a0a47175","moderators":{"294404108":"(at)AFNerobot"},"settings":{"lock_spam":"yes","lock_link":"yes","public":"no","flood":"yes","lock_arabic":"no","set_name":"پـــآپیـƤαριOƝـــפּטּ ツ","tag":"yes","lock_fwd":"yes","strict":"no","lock_tgservice":"yes","lock_sticker":"no","lock_contacts":"no","lock_rtl":"no","username":"yes","member":"no"},"set_owner":260418416,"group_type":"SuperGroup"},"1085323712":{"long_id":"$05000000c0b9b0405b907f7c4cf2feb1","moderators":{"321237006":"(at)MarYamjoo00oon","221977780":"(at)AFDanger"},"settings":{"lock_spam":"yes","lock_link":"yes","lock_arabic":"no","set_name":"TestBots","flood":"yes","strict":"no","lock_tgservice":"yes","lock_sticker":"no","public":"no","lock_rtl":"no","lock_contacts":"no","member":"no"},"set_owner":282342819,"group_type":"SuperGroup"},"1085932496":{"long_id":"$05000000d003ba401fc2becb9d4e0ee5","moderators":[],"settings":{"lock_spam":"yes","lock_link":"yes","lock_arabic":"no","set_name":"11  Tab all","flood":"yes","strict":"no","lock_tgservice":"yes","lock_sticker":"no","public":"no","lock_rtl":"no","lock_contacts":"yes","member":"no"},"set_owner":65761134,"group_type":"SuperGroup"},"1079798313":{"long_id":"$05000000296a5c407b4292ff2431da51","moderators":{"242019561":"(at)AFProtect"},"settings":{"lock_spam":"yes","lock_link":"yes","lock_arabic":"no","set_name":"AFProtect","flood":"yes","strict":"no","lock_tgservice":"yes","lock_sticker":"no","public":"no","lock_rtl":"no","lock_contacts":"no","member":"no"},"set_owner":242019561,"group_type":"SuperGroup"},"1074867626":{"long_id":"$05000000aa2d11404dc8c338118806b9","moderators":[],"settings":{"flood_msg_max":"99","lock_link":"yes","lock_arabic":"no","public":"no","set_name":"Nero Test","flood":"no","lock_spam":"yes","strict":"no","lock_tgservice":"yes","lock_sticker":"no","media":"yes","lock_rtl":"no","lock_contacts":"yes","member":"no"},"set_owner":272461284,"group_type":"SuperGroup"},"1074758918":{"long_id":"$0500000006850f4008d78b26a5612944","moderators":{"113292757":"👑مــحــ∂ℳσԋﾑℳﾑــݥــد👑 ","122410480":"(at)Jsmshidi"},"settings":{"lock_spam":"yes","lock_link":"yes","lock_contacts":"yes","public":"no","flood":"yes","lock_arabic":"no","set_name":"😎ایشته خاشد😎","tag":"yes","lock_fwd":"yes","media":"yes","lock_tgservice":"yes","strict":"no","lock_sticker":"yes","lock_rtl":"no","username":"yes","member":"no"},"set_owner":"113292757","group_type":"SuperGroup"},"1097331284":{"long_id":"$0500000054f26741bc5fc821a53994a6","moderators":[],"settings":{"lock_spam":"yes","lock_link":"no","lock_arabic":"no","set_name":"گ،آ،پ،باستان","flood":"yes","strict":"no","lock_tgservice":"yes","lock_sticker":"no","public":"no","lock_rtl":"no","lock_contacts":"no","member":"no"},"set_owner":"159562625","group_type":"SuperGroup"},"1076083163":{"long_id":"$05000000dbb923409d96251ad0fc4435","moderators":{"272461284":"(at)AFNero","181033185":"•°ॐहहाც ε み 乙 ﾑ ∂ कहॐ°•°  •","294404108":"(at)AFNerobot","212640771":"🌻🌻🌻","240410735":"(at)AFProject"},"settings":{"set_link":"https://telegram.me/joinchat/CspY4UAjudt93UFVEJGXkw","lock_link":"yes","lock_arabic":"no","set_name":"🌻چًٌٍَِّت❀ کًٌٍَِّدًٌٍَِّهًٌَِّ❀نًٌٍَِّگًٌٍَِّاًٌٍَِّرًٌٍَِّ\u200c🌻","lock_tgservice":"yes","strict":"no","lock_rtl":"no","username":"yes","member":"no","lock_spam":"yes","lock_contacts":"yes","flood":"no","lock_fwd":"yes","lock_bots":"yes","lock_sticker":"yes","public":"no","media":"yes","tag":"yes"},"set_owner":"212640771","group_type":"SuperGroup"},"1076495623":{"long_id":"$0500000007052a403e4302b599acfb18","moderators":[],"settings":{"lock_spam":"yes","lock_link":"no","lock_arabic":"no","set_name":"11111  Tab2","flood":"yes","strict":"no","lock_tgservice":"yes","lock_sticker":"no","public":"no","lock_rtl":"no","lock_contacts":"no","member":"no"},"set_owner":65761134,"group_type":"SuperGroup"},"1069762020":{"long_id":"$05000000e445c33fb28c6e9fe6ab5b45","moderators":[],"settings":{"lock_spam":"yes","lock_link":"yes","lock_contacts":"yes","public":"no","media":"yes","lock_arabic":"no","set_name":"Hamyar","flood":"yes","lock_fwd":"yes","lock_bots":"yes","lock_tgservice":"yes","strict":"no","lock_sticker":"no","lock_rtl":"no","username":"yes","member":"no"},"set_owner":"251820616","group_type":"SuperGroup"},"1088673442":{"long_id":"$05000000a2d6e3405301d3b4965e3d18","moderators":{"149041020":"(at)sepidee3200","282342819":"(at)AFBTest","230351351":"(at)H777778","272461284":"(at)AFNero"},"settings":{"flood_msg_max":"5","lock_link":"yes","lock_arabic":"no","set_name":". پًًٍٍـًٍرًًٍٍشْیًًٍـًٍنًٍ®مٍٍُّوٌٍُُزًٍٍیًٍڪًٍٍ","lock_tgservice":"yes","cmd":"yes","lock_rtl":"no","username":"yes","member":"no","lock_spam":"yes","lock_contacts":"yes","flood":"yes","lock_fwd":"yes","strict":"no","public":"no","lock_sticker":"yes","number":"yes","tag":"yes","media":"yes","inline":"yes"},"set_owner":"149041020","group_type":"SuperGroup"},"1052945794":{"long_id":"$0500000082adc23e044e967644aea603","moderators":{"300168274":"(at)AFdolat","254358999":"(at)Arta13922931","129579307":"(at)Behii88"},"settings":{"flood_msg_max":"12","lock_link":"yes","lock_arabic":"no","set_name":"★★ابر گروه حامیان دکتر روحانی ♣️","lock_member":"no","inline":"no","strict":"no","lock_rtl":"no","username":"no","member":"no","lock_spam":"no","lock_contacts":"no","tag":"no","lock_fwd":"no","lock_bots":"no","lock_sticker":"no","number":"no","public":"no","flood":"no","lock_tgservice":"no"},"group_type":"SuperGroup","set_owner":"91012322","rules":"حامیان دولت تهران:\n#قوانین\n\nلطفا کامل مطالعه فرمائید:\n👇👇👇👇👇👇👇👇👇👇👇👇👇👇\n\n1⃣این گروه در جهت حمایت از رئیس جمهور محترم تشکیل شده است،طبیعی است که تمام قوانین و قواعد نظام جمهوری اسلامی باید در آن رعایت گردد و مطالبی که حاوی محتوای ضد دین،ضد انقلاب و ... میباشد جایی در این گروه نداشته و مسئولیت آن بر عهده ی فرستنده میباشد.\n\n2⃣همانگونه که گفته شد،این گروه فضایی است سیاسی جهت تبادل فکر و اندیشه ی اصیل اصلاح طلبی.در نتیجه انتشار هرگونه مطالب غیر مرتبط با گروه که جنبه ی توهین،تهمت و یا تبلیغ داشته باشد،ممنوع است.\n\n3⃣قطعا در یک جمع،همگی دارای تفکرات یکسان نبوده و بعضا اندیشه های مختلف و متفاوت با ما نیز حضور دارند.لذا سعی شود در بحث ها به یکدیگر احترام گذاشته و از نسبت دادن القاب زشت،الفاظ رکیک و ... به یکدیگر خودداری شود.\n\n4⃣از دوستان خواهشمندیم به حریم خصوصی افراد احترام گذاشته و با رفتن به ((پی وی)) دیگران ایجاد مزاحمت نفرمایند.در صورت گزارش تخلف،شخص خاطی بلاک شده و از گروه اخراج میگردد.\n\n5⃣ بدلیل برخی مسائل امنیتی و نفوذ برخی افراد،الزامیست که اکانت افراد حاضر در گروه دارای اسم و عکس باشد.\n\n6⃣ لطفا از فرستادن مطالب،عکس و فیلم تکراری جدا خودداری فرمائید.در ضمن از ارسال پیاپی استیکر نیز پرهیز نمائید.\n\n7⃣این گروه و فعالان آن تمامی زیر نظر و چهار چوب جمهوری اسلامی ایران به رهبری \" رهبر معظم انقلاب و متعهد به قانون اساسی کشور می باشد و با هر گونه توهین و تهمت برخورد جدی می کند.\n\n8⃣دوستان سعی کنند به قوانین بالا بطور کامل عمل نمایند تا خدای ناکرده مجبور به حذف عزیزان از گروه نشویم.\n🚫👈در ضمن به هر یک از عزیزان دو بار تذکر داده میشود.در صورت تکرار ادمین مجاز است تا فرد متخلف را از گروه حذف نماید👉🚫\n✌زنده باد مخالف من✌\n💚سپاس از حضور سبزتان💚\n\n\nلینک دعوت به ابر  گروه دولت تهران :\nhttps://telegram.me/joinchat/B7k5Kz7CrYKMnEbS9Rhhkg"},"1073598163":{"long_id":"$05000000d3cefd3f517993f949b926ae","moderators":[],"settings":{"lock_spam":"yes","lock_link":"yes","lock_arabic":"no","set_name":"گردهمی باحالا","flood":"yes","strict":"no","lock_tgservice":"yes","lock_sticker":"no","public":"no","lock_rtl":"no","lock_contacts":"no","member":"no"},"set_owner":272461284,"group_type":"SuperGroup"},"1094763848":{"long_id":"$0500000048c5404120f3579f2eddcb27","moderators":[],"settings":{"lock_spam":"yes","lock_link":"yes","lock_arabic":"no","set_name":"TestAF","flood":"no","strict":"no","lock_tgservice":"yes","lock_sticker":"no","public":"no","lock_rtl":"no","lock_contacts":"no","member":"no"},"set_owner":282342819,"group_type":"SuperGroup"},"1093449270":{"long_id":"$0500000036b62c4147b2f78fc581be0f","moderators":{"272461284":"(at)AFNero","193181186":"چالاک","225920791":"ⓡ🍁🍁ⓐ","189012600":"این کهنه جهان ب کس نماند باقی ","150407756":"(at)setaare333","264814373":"......... ","261699592":"Naghmeh ","204662968":"فرهاد"},"settings":{"lock_spam":"yes","lock_link":"yes","lock_arabic":"no","lock_contacts":"no","lock_rtl":"no","public":"no","set_name":"💖💖عشقیا💖💖","flood":"yes","lock_fwd":"yes","lock_sticker":"no","lock_bots":"yes","strict":"no","lock_tgservice":"yes","fosh":"yes","username":"yes","member":"no"},"set_owner":"107226681","group_type":"SuperGroup"},"1075507361":{"long_id":"$05000000a1f01a40160f0c0abb255412","moderators":[],"settings":{"lock_spam":"yes","lock_link":"yes","lock_arabic":"no","set_name":"👈🌷🌷دوستانه🌷🌷👉","flood":"yes","lock_fwd":"yes","strict":"no","lock_tgservice":"yes","lock_sticker":"no","public":"no","lock_rtl":"no","lock_contacts":"no","member":"no"},"set_owner":240410735,"group_type":"SuperGroup"},"1083981948":{"long_id":"$050000007c409c40383dc3e4cc0075a8","moderators":{"242032203":"(at)Y_Yasin_Shadow_Y"},"settings":{"lock_spam":"yes","lock_link":"no","lock_arabic":"no","set_name":"گروه پشتیبانی ربات ضد اسپم","flood":"yes","strict":"no","lock_tgservice":"yes","lock_sticker":"no","public":"no","lock_rtl":"no","lock_contacts":"no","member":"no"},"set_owner":"242032203","group_type":"SuperGroup"},"1081464835":{"long_id":"$0500000003d87540e62160adae6d755a","moderators":{"245743155":"₡₪↯♥ пξَģįп ♥↯₪₡","272461284":"(at)AFNero"},"settings":{"flood_msg_max":"5","lock_link":"yes","media":"yes","set_name":"Dorhami","lock_tgservice":"yes","strict":"no","lock_rtl":"no","member":"no","lock_spam":"yes","set_photo":"data/photos/channel_photo_1081464835.jpg","lock_contacts":"yes","flood":"no","lock_fwd":"yes","lock_bots":"yes","lock_sticker":"no","public":"no","lock_arabic":"no"},"set_owner":"245743155","group_type":"SuperGroup"},"1066740699":{"long_id":"$05000000db2b953fbd60d44c02f65ef0","moderators":{"279629827":"😜Pari✌ دریایی 😜 ","249247222":"👑💣اوجله😈saba💣👑 "},"settings":{"lock_spam":"yes","lock_link":"yes","lock_arabic":"no","set_name":"💞خِّرِمِّ آبٍّآدٍّی هِّآ💞","flood":"yes","strict":"no","lock_tgservice":"yes","lock_sticker":"no","public":"no","lock_rtl":"no","lock_contacts":"no","member":"no"},"set_owner":"327326842","group_type":"SuperGroup"},"1077788783":{"long_id":"$050000006fc03d400282fdcbf969553a","moderators":{"272461284":"(at)AFNero","240410735":"(at)AFProject"},"settings":{"warn_max":"3","lock_link":"yes","lock_contacts":"no","lock_arabic":"no","set_name":"Hi","flood":"yes","lock_sticker":"yes","lock_member":"yes","lock_tgservice":"yes","strict":"no","public":"no","lock_rtl":"no","lock_spam":"yes","member":"no"},"set_owner":221977780,"group_type":"SuperGroup"},"groups":{"1074811771":1074811771,"1096809108":1096809108,"1088587844":1088587844,"1065376658":1065376658,"1054345919":1054345919,"1074941697":1074941697,"1087685050":1087685050,"1089806486":1089806486,"1076896000":1076896000,"1082463691":1082463691,"1085323712":1085323712,"1085932496":1085932496,"1079798313":1079798313,"1074867626":1074867626,"1074758918":1074758918,"1097331284":1097331284,"1076083163":1076083163,"1076495623":1076495623,"1069762020":1069762020,"1088673442":1088673442,"1052945794":1052945794,"1073598163":1073598163,"1094763848":1094763848,"1095312134":1095312134,"1075507361":1075507361,"1083981948":1083981948,"1081464835":1081464835,"1066740699":1066740699,"1077788783":1077788783,"1091676912":1091676912,"1081198079":1081198079,"1088346242":1088346242,"1076340968":1076340968,"1064181309":1064181309,"1051679010":1051679010,"1064213410":1064213410,"1097915762":1097915762,"1035121109":1035121109,"1075629149":1075629149,"1073688044":1073688044,"1083164998":1083164998,"1088491543":1088491543,"1066314512":1066314512,"1081706859":1081706859,"1093836796":1093836796,"133456156":133456156,"1085626325":1085626325,"1057174803":1057174803,"1083432263":1083432263,"1061403318":1061403318,"1059349847":1059349847,"1079217422":1079217422,"1059933328":1059933328,"1073478030":1073478030,"1067596787":1067596787,"1061866557":1061866557,"1090268407":1090268407,"1075507168":1075507168,"1093449270":1093449270,"1079596837":1079596837,"1052392555":1052392555,"1074025396":1074025396,"1050821371":1050821371,"1095216324":1095216324,"1037142775":1037142775,"1074502939":1074502939,"1087238272":1087238272},"1091676912":{"long_id":"$05000000f0aa1141004b535be8ad9fc1","moderators":{"272461284":"(at)AFNero"},"settings":{"lock_spam":"yes","lock_link":"yes","lock_arabic":"no","set_name":"تست","flood":"no","strict":"no","lock_tgservice":"yes","lock_sticker":"no","public":"no","lock_rtl":"no","lock_contacts":"no","member":"no"},"set_owner":272461284,"group_type":"SuperGroup"},"1081198079":{"long_id":"$05000000ffc571404bd24e9ed7e87139","moderators":{"221977780":"(at)AFDanger"},"settings":{"lock_spam":"yes","lock_link":"no","lock_arabic":"no","set_name":"TeSt","tag":"yes","public":"no","lock_sticker":"yes","lock_tgservice":"yes","strict":"no","flood":"yes","lock_rtl":"no","lock_contacts":"no","member":"no"},"set_owner":65761134,"group_type":"SuperGroup"},"1088346242":{"long_id":"$0500000082d8de40f7b787ebba61000b","moderators":{"262055123":"(at)Fatijo0on","257554507":"(at)NAZiJoo0ooN","215515559":"(at)FatiJon85"},"settings":{"lock_spam":"yes","lock_link":"no","lock_arabic":"no","set_name":"Tab","flood":"yes","strict":"no","lock_tgservice":"yes","lock_sticker":"no","public":"no","lock_rtl":"no","lock_contacts":"no","member":"no"},"set_owner":"215515559","group_type":"SuperGroup"},"1076340968":{"long_id":"$05000000e8a8274014dbbe179aaf3d9c","moderators":{"245743155":"Negin","242019561":"(at)AFProtect"},"settings":{"lock_spam":"yes","lock_link":"no","lock_arabic":"no","set_name":"خودم و عشقم","flood":"yes","strict":"no","lock_tgservice":"yes","lock_sticker":"no","public":"no","lock_rtl":"no","lock_contacts":"no","member":"no"},"set_owner":"245743155","group_type":"SuperGroup"},"1095312134":{"long_id":"$050000000623494153749bdbc969b6b8","moderators":{"251820616":"😶"},"settings":{"lock_spam":"yes","lock_link":"yes","lock_arabic":"no","set_name":"cafe","flood":"yes","strict":"no","lock_tgservice":"yes","lock_sticker":"no","public":"no","lock_rtl":"no","lock_contacts":"no","member":"no"},"set_owner":162240700,"group_type":"SuperGroup"},"1051679010":{"long_id":"$050000002259af3e06050dbe72a126a7","moderators":{"272461284":"(at)AFNero","176024876":"(at)AR70_71","102628119":"پرستوی کانال کمیل..سردارشهید ابراهیم هادی🌴🌴🌴 ","210035677":"(at)navaye_abbas"},"settings":{"lock_spam":"yes","lock_link":"yes","lock_arabic":"no","lock_contacts":"no","set_name":"*دوستداران کربلایی مهدی سعیدی*","flood":"yes","public":"no","flood_msg_max":"10","lock_tgservice":"yes","lock_sticker":"no","strict":"no","lock_rtl":"no","username":"no","member":"no"},"set_owner":"102628119","group_type":"SuperGroup"},"1064213410":{"long_id":"$05000000a29b6e3fe25b189a0d70c546","moderators":{"243474999":"(at)Marshall_Mathers_LP2","125358226":"(at)Nikooo222","217509209":"(at)Aradmatin","324922960":"(at)Bodona","300168274":"(at)AFdolat","320242382":"(at)Yotab66"},"settings":{"lock_spam":"yes","lock_link":"yes","lock_arabic":"no","set_name":"فرزندان کوروش بزرگ","flood":"yes","strict":"no","lock_tgservice":"yes","lock_sticker":"yes","public":"no","lock_rtl":"no","lock_contacts":"no","member":"no"},"set_owner":"217509209","group_type":"SuperGroup"},"1097915762":{"long_id":"$0500000072dd70413210468c9c1745c0","moderators":{"287660319":"(at)BOMB12123"},"settings":{"lock_spam":"yes","lock_link":"yes","lock_contacts":"no","lock_arabic":"no","set_name":"😉گــــپ👥خـــاصـــ✌️","flood":"yes","lock_fwd":"yes","public":"no","lock_tgservice":"yes","lock_sticker":"no","strict":"no","lock_rtl":"no","username":"yes","member":"no"},"group_type":"SuperGroup","set_owner":132803336,"rules":"سلام همگی خوش امدید🌹\n\nلینک گروه ⛔️\nلینک کانال ⛔️\nگدایی استیکر ⛔\nپی وی دخترا⛔️\nفحاشی⛔️\nهر گونه تبلیغ ⛔️\nمخ زنی ⛔️\n+18⛔️\nhttps://telegram.me/joinchat/ESVZH0Fw3XLJFdM6jA88JQ"},"1035121109":{"long_id":"$05000000d5b1b23d812d58f01f53a0af","moderators":{"253109905":"i . m ","264003697":"(at)IRDevs","195981003":"(at)danyial_95","266262822":"◦•●◉✿ریحانه✿◉●•◦ ","272461284":"(at)AFNero","226127407":"(at)tejoon"},"settings":{"flood_msg_max":"10","lock_link":"yes","lock_arabic":"no","set_name":"ﺳــــــــرای اندﻳﺸــــــــه","lock_tgservice":"yes","strict":"no","lock_rtl":"no","username":"no","member":"no","lock_spam":"yes","lock_contacts":"no","flood":"yes","lock_fwd":"yes","lock_sticker":"no","fosh":"yes","public":"no","inline":"yes"},"set_owner":"152785039","group_type":"SuperGroup"},"1061866557":{"long_id":"$050000003dcc4a3f562a71893e3790c8","moderators":[],"settings":{"lock_spam":"yes","lock_link":"yes","lock_arabic":"no","set_name":"Love Technology","flood":"yes","public":"no","cmd":"yes","lock_tgservice":"yes","lock_sticker":"yes","strict":"no","lock_rtl":"no","lock_contacts":"no","member":"no"},"set_owner":"190583243","group_type":"SuperGroup"},"1073688044":{"long_id":"$05000000ec2dff3fae23a0ebe4303349","moderators":[],"settings":{"lock_spam":"yes","lock_link":"yes","lock_arabic":"no","set_name":"💗 new love 💗","flood":"yes","strict":"no","lock_tgservice":"yes","lock_sticker":"no","public":"no","lock_rtl":"no","lock_contacts":"no","member":"no"},"set_owner":272461284,"group_type":"SuperGroup"},"1083164998":{"long_id":"$0500000046c98f401be4e8afad7dc342","moderators":[],"settings":{"lock_spam":"yes","lock_link":"no","lock_arabic":"no","set_name":"Nero","flood":"yes","strict":"no","lock_tgservice":"yes","lock_sticker":"no","public":"no","lock_rtl":"no","lock_contacts":"no","member":"no"},"set_owner":272461284,"group_type":"SuperGroup"},"1088491543":{"long_id":"$050000001710e140ea9ea69bf50f47a3","moderators":{"272461284":"(at)AFNero","242779041":"دنیام پر درد نیا! ","294404108":"(at)AFNerobot","242019561":"(at)AFProtect","253309453":"(at)Cloud_me","264561785":"(at)marg124","257554507":"(at)NAZiJoo0ooN"},"settings":{"set_link":"https://telegram.me/joinchat/D8TkeUDhEBcfPYXyODeSOA","lock_link":"yes","public":"no","set_name":"Dorhami😍","lock_tgservice":"yes","strict":"no","lock_rtl":"yes","member":"no","lock_spam":"yes","lock_contacts":"no","flood":"yes","lock_fwd":"yes","lock_arabic":"no","lock_bots":"no","lock_sticker":"yes","flood_msg_max":"5","fosh":"yes","media":"no","cmd":"yes"},"group_type":"SuperGroup","set_owner":"257627103","rules":"سلام به سوپرگروه دورهمي خوش اومدید👈🙏🌹\nتبلیغات👈⛔️\nمثبت 18👈⛔️\nتوهین وبی ادبی👈⛔️\nزیر آبی⛔️\n\nامیدوارم که بهتون خوش بگذره😘"},"1075629149":{"long_id":"$050000005dcc1c40e7507a0282aab98f","moderators":{"249707820":"(at)hosien285","117199649":"(at)Zendegimh","297737737":"(at)M_aranjan"},"settings":{"lock_spam":"yes","lock_link":"yes","lock_contacts":"yes","lock_arabic":"no","set_name":"احیاگران طب سنتی تهران ( پرسش وپاسخ )","flood":"yes","lock_fwd":"yes","public":"no","lock_tgservice":"yes","lock_sticker":"no","strict":"no","lock_rtl":"no","username":"yes","member":"no"},"set_owner":"294994499","group_type":"SuperGroup"},"1081706859":{"long_id":"$050000006b89794087baba3a5dc0cca6","moderators":[],"settings":{"lock_spam":"yes","lock_link":"yes","lock_arabic":"no","set_name":"😂پاریس 😲کوچولو😜","flood":"yes","strict":"no","lock_tgservice":"yes","lock_sticker":"no","public":"no","lock_rtl":"no","lock_contacts":"no","member":"no"},"set_owner":272461284,"group_type":"SuperGroup"},"1066314512":{"long_id":"$0500000010ab8e3fcca74b0415b86a27","moderators":{"240410735":"(at)AFProject"},"settings":{"lock_spam":"yes","lock_link":"yes","lock_arabic":"no","set_name":"Test try","flood":"no","strict":"no","lock_tgservice":"yes","lock_sticker":"no","public":"no","lock_rtl":"no","lock_contacts":"no","member":"no"},"set_owner":282342819,"group_type":"SuperGroup"},"1093836796":{"long_id":"$05000000fc9f324146bca84bd7bdfdf2","moderators":[],"settings":{"lock_spam":"yes","lock_link":"no","lock_arabic":"no","set_name":"\u2068","flood":"yes","strict":"no","lock_tgservice":"yes","lock_sticker":"no","public":"no","lock_rtl":"no","lock_contacts":"no","member":"no"},"set_owner":65761134,"group_type":"SuperGroup"},"1085626325":{"long_id":"$05000000d557b540b15076765b1878b4","moderators":[],"settings":{"lock_spam":"yes","lock_link":"yes","lock_arabic":"no","set_name":"جوانا بيكار","flood":"yes","strict":"no","lock_tgservice":"yes","lock_sticker":"no","public":"no","lock_rtl":"no","lock_contacts":"no","member":"no"},"set_owner":131457854,"group_type":"SuperGroup"},"1073478030":{"long_id":"$050000008ef9fb3f0bc916e5fc11b85a","moderators":[],"settings":{"flood_msg_max":"10","lock_link":"yes","lock_arabic":"no","set_name":"💃💋برو بچ باحال😘💃","lock_tgservice":"yes","cmd":"yes","lock_rtl":"no","username":"yes","member":"no","lock_spam":"yes","lock_contacts":"yes","tag":"yes","lock_fwd":"yes","lock_sticker":"no","public":"no","strict":"no","flood":"yes"},"set_owner":240813488,"group_type":"SuperGroup"},"1083432263":{"long_id":"$0500000047dd9340cb6cea73fa3376eb","moderators":{"256737447":"(at)rraahhaa1673"},"settings":{"lock_spam":"yes","lock_link":"yes","public":"no","flood":"yes","lock_arabic":"no","set_name":"سی ب  بالا ها","tag":"yes","lock_fwd":"yes","strict":"no","lock_tgservice":"yes","lock_sticker":"no","lock_contacts":"yes","lock_rtl":"no","username":"yes","member":"no"},"set_owner":251818429,"group_type":"SuperGroup"},"1061403318":{"long_id":"$05000000b6ba433f297c69151c6ef357","moderators":[],"settings":{"lock_spam":"yes","lock_link":"no","lock_arabic":"no","set_name":"پشتیبانی ربات | Bot Support","flood":"yes","strict":"no","lock_tgservice":"yes","lock_sticker":"no","public":"no","lock_rtl":"no","lock_contacts":"no","member":"no"},"set_owner":292668302,"group_type":"SuperGroup"},"1059349847":{"long_id":"$050000005765243fe3a0f1f388657329","moderators":{"272461284":"(at)AFNero","160554611":"(at)mahdi_R76","104293540":"آسیه*","101889905":"(at)RezayiR64","235063124":"(at)mohsenjannatian","182878586":"(at)Ebrahim_Alilou"},"settings":{"lock_spam":"yes","lock_link":"yes","public":"no","lock_bots":"yes","lock_arabic":"no","set_name":"☔☔☔چتر آبی☔☔☔","flood":"no","lock_fwd":"no","strict":"no","lock_tgservice":"yes","lock_sticker":"no","lock_contacts":"no","lock_rtl":"no","username":"no","member":"no"},"set_owner":"182878586","group_type":"SuperGroup"},"1087685050":{"long_id":"$05000000bac1d440a82d7c6e17fdccd2","moderators":[],"settings":{"lock_spam":"yes","lock_link":"yes","lock_arabic":"no","set_name":"TeSt","flood":"yes","strict":"no","lock_tgservice":"yes","lock_sticker":"no","public":"no","lock_rtl":"no","lock_contacts":"no","member":"no"},"set_owner":242019561,"group_type":"SuperGroup"},"1064181309":{"long_id":"$050000003d1e6e3f773499935233d95a","moderators":[],"settings":{"lock_spam":"yes","lock_link":"no","lock_arabic":"no","set_name":"❤️عشق ممنوع❤️","flood":"yes","strict":"no","lock_tgservice":"yes","lock_sticker":"no","public":"no","lock_rtl":"no","lock_contacts":"no","member":"no"},"set_owner":252804840,"group_type":"SuperGroup"},"1059933328":{"long_id":"$05000000904c2d3fbdca1b1f4e314170","moderators":[],"settings":{"lock_spam":"yes","lock_link":"yes","lock_arabic":"no","set_name":"Music","flood":"yes","strict":"no","lock_tgservice":"yes","lock_sticker":"no","public":"no","lock_rtl":"no","lock_contacts":"no","member":"no"},"set_owner":221977780,"group_type":"SuperGroup"},"1067596787":{"long_id":"$05000000f33ba23f9b2e265ed9622f31","moderators":[],"settings":{"lock_spam":"yes","lock_link":"no","lock_arabic":"no","set_name":"حامیان دولت استان البرز","flood":"yes","strict":"no","lock_tgservice":"yes","lock_sticker":"no","public":"no","lock_rtl":"no","lock_contacts":"no","member":"no"},"set_owner":91012322,"group_type":"SuperGroup"},"1079217422":{"long_id":"$050000000e8d5340316cf8fb62ef76bf","moderators":{"272461284":"(at)AFNero","177394639":"وحید"},"settings":{"lock_link":"yes","lock_arabic":"no","set_name":"طب سنتی غلامپور","lock_tgservice":"yes","cmd":"yes","lock_rtl":"no","username":"yes","member":"no","lock_spam":"yes","lock_contacts":"yes","flood":"yes","lock_fwd":"yes","tag":"yes","public":"no","lock_sticker":"yes","inline":"yes","fosh":"yes","media":"yes","strict":"no"},"set_owner":"297737737","group_type":"SuperGroup"},"1075507168":{"long_id":"$05000000e0ef1a408ea7b845292d30e6","moderators":[],"settings":{"lock_spam":"yes","lock_link":"no","lock_arabic":"no","set_name":"Test","flood":"yes","strict":"no","lock_tgservice":"yes","lock_sticker":"no","public":"no","lock_rtl":"no","lock_contacts":"no","member":"no"},"set_owner":65761134,"group_type":"SuperGroup"},"1090268407":{"long_id":"$05000000f72cfc40d8ab64c1f0b7641e","moderators":[],"settings":{"lock_spam":"yes","lock_link":"no","lock_arabic":"no","set_name":"...","flood":"yes","strict":"no","lock_tgservice":"yes","lock_sticker":"no","public":"no","lock_rtl":"no","lock_contacts":"no","member":"no"},"set_owner":279383316,"group_type":"SuperGroup"},"1087238272":{"long_id":"$0500000080f0cd406d9efc6543dc0003","moderators":[],"settings":{"lock_spam":"yes","lock_link":"yes","lock_arabic":"no","set_name":"11111111111111111111111111111111111111111","flood":"no","strict":"no","lock_tgservice":"yes","lock_sticker":"no","public":"no","lock_rtl":"no","lock_contacts":"no","member":"no"},"set_owner":65761134,"group_type":"SuperGroup"},"1079596837":{"long_id":"$050000002557594042512b6f39a58dd4","moderators":{"300168274":"(at)AFdolat"},"settings":{"lock_spam":"yes","lock_link":"yes","lock_contacts":"no","public":"no","set_name":"کافه سلامت","flood":"yes","lock_tgservice":"yes","strict":"no","inline":"yes","lock_sticker":"no","lock_arabic":"no","lock_rtl":"no","username":"yes","member":"no"},"set_owner":"163031312","group_type":"SuperGroup"},"1052392555":{"long_id":"$050000006b3cba3ed52c801a8dbf692b","moderators":{"284988107":"(at)Alirezachetmokh"},"settings":{"lock_spam":"yes","lock_link":"yes","lock_arabic":"no","lock_sticker":"no","public":"no","set_name":"بیاید گپ جدید لینک توضیحات","flood":"yes","lock_fwd":"yes","lock_rtl":"yes","lock_tgservice":"yes","cmd":"yes","lock_contacts":"yes","fosh":"yes","strict":"no","member":"no"},"set_owner":"284988107","group_type":"SuperGroup"},"1074025396":{"long_id":"$05000000b45304405bb21ba0cb55776f","moderators":[],"settings":{"lock_spam":"yes","lock_link":"no","lock_arabic":"no","set_name":"دیار یاغی","flood":"yes","strict":"no","lock_tgservice":"yes","lock_sticker":"no","public":"no","lock_rtl":"no","lock_contacts":"no","member":"no"},"set_owner":272461284,"group_type":"SuperGroup"},"1050821371":{"long_id":"$05000000fb42a23e457e9b09c1084faf","moderators":{"300168274":"(at)AFdolat"},"settings":{"lock_spam":"yes","lock_link":"no","lock_arabic":"no","set_name":"Help","flood":"yes","strict":"no","lock_tgservice":"yes","lock_sticker":"no","public":"no","lock_rtl":"no","lock_contacts":"no","member":"no"},"set_owner":113566842,"group_type":"SuperGroup"},"1095216324":{"long_id":"$05000000c4ac4741c624cd2cf228d31b","moderators":{"221977780":"(at)AFDanger","113566842":"(at)AFBots_admin","311653496":"(at)AFTurbo","300168274":"(at)AFdolat","272461284":"(at)AFNero","122110226":"(at)mr98_bot1","245743155":"Negin ","240410735":"(at)AFProject","92637994":"(at)Rvanak","294404108":"(at)AFNerobot","149254509":"(at)Seyaramin"},"settings":{"flood_msg_max":"10","lock_link":"yes","lock_arabic":"no","set_name":"پشتيباني ربات(AF)","lock_tgservice":"yes","cmd":"yes","lock_rtl":"no","username":"yes","member":"no","lock_spam":"yes","lock_contacts":"no","flood":"yes","lock_fwd":"yes","strict":"no","lock_bots":"yes","lock_sticker":"yes","public":"no","fosh":"yes","tag":"yes","inline":"yes"},"group_type":"SuperGroup","set_owner":"269965086","rules":"(:"},"1037142775":{"long_id":"$05000000f78ad13d9ad722f4ec426a22","moderators":[],"settings":{"lock_spam":"yes","lock_link":"no","lock_arabic":"no","set_name":"➣☆Share.Contacts☆➣","flood":"yes","strict":"no","lock_tgservice":"yes","lock_sticker":"no","public":"no","lock_rtl":"no","lock_contacts":"no","member":"no"},"set_owner":245300778,"group_type":"SuperGroup"},"1074502939":{"long_id":"$050000001b9d0b408e85d2921ca951fa","moderators":[],"settings":{"lock_spam":"yes","lock_link":"no","lock_arabic":"no","set_name":"فروش ربات ضد اسپم وضد لینک","flood":"yes","strict":"no","lock_tgservice":"yes","lock_sticker":"no","public":"no","lock_rtl":"no","lock_contacts":"no","member":"no"},"set_owner":131190851,"group_type":"SuperGroup"},"1057174803":{"long_id":"$050000001335033f7d1aaa0171bf45f2","moderators":[],"settings":{"lock_spam":"yes","lock_link":"no","lock_arabic":"no","set_name":"Hey","flood":"yes","strict":"no","lock_tgservice":"yes","lock_sticker":"no","public":"no","lock_rtl":"no","lock_contacts":"no","member":"no"},"set_owner":65761134,"group_type":"SuperGroup"}}