{"1090268407":{"set_owner":279383316,"settings":{"lock_rtl":"no","set_name":"...","member":"no","public":"no","lock_spam":"yes","lock_arabic":"no","flood":"yes","lock_sticker":"no","strict":"no","lock_tgservice":"yes","lock_link":"no","lock_contacts":"no"},"long_id":"$05000000f72cfc40d8ab64c1f0b7641e","moderators":[],"group_type":"SuperGroup"},"1066740699":{"set_owner":"327326842","settings":{"lock_rtl":"no","set_name":"💞خِّرِمِّ آبٍّآدٍّی هِّآ💞","member":"no","public":"no","lock_spam":"yes","lock_arabic":"no","flood":"yes","lock_sticker":"no","strict":"no","lock_tgservice":"yes","lock_link":"yes","lock_contacts":"no"},"long_id":"$05000000db2b953fbd60d44c02f65ef0","moderators":{"249247222":"👑💣اوجله😈saba💣👑 ","279629827":"😜Pari✌ دریایی 😜 "},"group_type":"SuperGroup"},"1074758918":{"set_owner":"113292757","settings":{"tag":"yes","set_name":"😎ایشته خاشد😎","member":"no","lock_spam":"yes","strict":"no","username":"yes","lock_tgservice":"yes","public":"no","lock_bots":"yes","lock_arabic":"no","media":"yes","lock_sticker":"yes","flood":"yes","lock_rtl":"no","lock_contacts":"yes","lock_link":"yes","lock_fwd":"yes"},"long_id":"$0500000006850f4008d78b26a5612944","moderators":{"275894151":"M#3","122410480":"(at)Jsmshidi","113292757":"👑مــحــ∂ℳσԋﾑℳﾑــݥــد👑 "},"group_type":"SuperGroup"},"1083432263":{"set_owner":251818429,"settings":{"tag":"yes","lock_link":"yes","set_name":"سی ب  بالا ها","member":"no","public":"no","lock_spam":"yes","lock_arabic":"no","flood":"yes","lock_sticker":"no","lock_tgservice":"yes","strict":"no","username":"yes","lock_contacts":"yes","lock_fwd":"yes","lock_rtl":"no"},"long_id":"$0500000047dd9340cb6cea73fa3376eb","moderators":{"256737447":"(at)rraahhaa1673"},"group_type":"SuperGroup"},"1076495623":{"set_owner":65761134,"settings":{"lock_rtl":"no","set_name":"11111  Tab2","member":"no","public":"no","lock_spam":"yes","lock_arabic":"no","flood":"yes","lock_sticker":"no","strict":"no","lock_tgservice":"yes","lock_link":"no","lock_contacts":"no"},"long_id":"$0500000007052a403e4302b599acfb18","moderators":[],"group_type":"SuperGroup"},"1059933328":{"set_owner":221977780,"settings":{"lock_rtl":"no","set_name":"Music","member":"no","public":"no","lock_spam":"yes","lock_arabic":"no","flood":"yes","lock_sticker":"no","strict":"no","lock_tgservice":"yes","lock_link":"yes","lock_contacts":"no"},"long_id":"$05000000904c2d3fbdca1b1f4e314170","moderators":[],"group_type":"SuperGroup"},"1097331284":{"set_owner":"159562625","settings":{"lock_rtl":"no","set_name":"گ،آ،پ،باستان","member":"no","public":"no","lock_spam":"yes","lock_arabic":"no","flood":"yes","lock_sticker":"no","strict":"no","lock_tgservice":"no","lock_link":"no","lock_contacts":"no"},"long_id":"$0500000054f26741bc5fc821a53994a6","moderators":[],"group_type":"SuperGroup"},"1079798313":{"set_owner":242019561,"settings":{"lock_rtl":"no","set_name":"AFProtect","member":"no","public":"no","lock_spam":"yes","lock_arabic":"no","flood":"yes","lock_sticker":"no","strict":"no","lock_tgservice":"yes","lock_link":"yes","lock_contacts":"no"},"long_id":"$05000000296a5c407b4292ff2431da51","moderators":{"242019561":"(at)AFProtect"},"group_type":"SuperGroup"},"133456156":{"set_owner":274595983,"settings":{"flood":"yes","lock_name":"yes","set_name":"💞پاتوق👌 باحالا💞","lock_photo":"no","lock_link":"yes","lock_member":"no"},"long_id":"$020000001c61f4070000000000000000","moderators":[],"group_type":"Group"},"1087685050":{"set_owner":242019561,"settings":{"lock_rtl":"no","set_name":"TeSt","member":"no","public":"no","lock_spam":"yes","lock_arabic":"no","flood":"yes","lock_sticker":"no","strict":"no","lock_tgservice":"yes","lock_link":"yes","lock_contacts":"no"},"long_id":"$05000000bac1d440a82d7c6e17fdccd2","moderators":[],"group_type":"SuperGroup"},"1076083163":{"set_owner":"212640771","settings":{"tag":"yes","set_link":"https://telegram.me/joinchat/CspY4UAjudt93UFVEJGXkw","set_name":"🌻چًٌٍَِّت❀ کًٌٍَِّدًٌٍَِّهًٌَِّ❀نًٌٍَِّگًٌٍَِّاًٌٍَِّرًٌٍَِّ\u200c🌻","member":"no","lock_spam":"yes","strict":"no","username":"yes","lock_tgservice":"yes","public":"no","lock_bots":"yes","lock_arabic":"no","media":"yes","lock_sticker":"yes","flood":"no","lock_rtl":"no","lock_contacts":"yes","lock_link":"yes","lock_fwd":"yes"},"long_id":"$05000000dbb923409d96251ad0fc4435","moderators":{"272461284":"(at)AFNero","294404108":"(at)AFNerobot","240410735":"(at)AFProject","181033185":"•°ॐहहाც ε み 乙 ﾑ ∂ कहॐ°•°  •","212640771":"🌻🌻🌻"},"group_type":"SuperGroup"},"1051679010":{"set_owner":"102628119","settings":{"lock_rtl":"no","set_name":"*دوستداران کربلایی مهدی سعیدی*","member":"no","public":"no","lock_contacts":"no","lock_arabic":"no","flood":"no","lock_sticker":"no","lock_tgservice":"yes","strict":"no","username":"no","lock_spam":"yes","lock_link":"yes","flood_msg_max":"10"},"long_id":"$050000002259af3e06050dbe72a126a7","moderators":{"102628119":"پرستوی کانال کمیل..سردارشهید ابراهیم هادی🌴🌴🌴 ","272461284":"(at)AFNero","210035677":"(at)navaye_abbas","176024876":"(at)AR70_71"},"group_type":"SuperGroup"},"1054345919":{"set_owner":282667762,"settings":{"lock_rtl":"no","set_name":"کلبه ناشناخته ♥🏍","member":"no","public":"no","lock_spam":"yes","lock_arabic":"no","flood":"yes","lock_sticker":"no","lock_tgservice":"yes","strict":"no","lock_contacts":"no","lock_fwd":"yes","lock_link":"yes","flood_msg_max":"10"},"long_id":"$05000000bf0ad83e268bea45ab814af8","moderators":[],"group_type":"SuperGroup"},"1096868876":{"set_owner":311653496,"settings":{"lock_rtl":"no","set_name":"TEEEESTTT","member":"no","public":"no","lock_spam":"yes","lock_arabic":"no","flood":"no","lock_sticker":"no","strict":"no","lock_tgservice":"yes","lock_link":"yes","lock_contacts":"no"},"long_id":"$050000000ce4604163eeb129ada18a6a","moderators":[],"group_type":"SuperGroup"},"1085932496":{"set_owner":65761134,"settings":{"lock_rtl":"no","set_name":"11  Tab all","member":"no","public":"no","lock_spam":"yes","lock_arabic":"no","flood":"yes","lock_sticker":"no","strict":"no","lock_tgservice":"yes","lock_link":"yes","lock_contacts":"yes"},"long_id":"$05000000d003ba401fc2becb9d4e0ee5","moderators":[],"group_type":"SuperGroup"},"1074502939":{"set_owner":131190851,"settings":{"lock_rtl":"no","set_name":"فروش ربات ضد اسپم وضد لینک","member":"no","public":"no","lock_spam":"yes","lock_arabic":"no","flood":"yes","lock_sticker":"no","strict":"no","lock_tgservice":"yes","lock_link":"no","lock_contacts":"no"},"long_id":"$050000001b9d0b408e85d2921ca951fa","moderators":[],"group_type":"SuperGroup"},"1095216324":{"set_owner":"245743155","rules":"اينجا قوانين رو بجاي متن من بنويس","long_id":"$05000000c4ac4741c624cd2cf228d31b","moderators":{"122110226":"(at)mr98_bot1","272461284":"(at)AFNero","221977780":"(at)AFDanger","149254509":"(at)Seyaramin","240410735":"(at)AFProject","113566842":"(at)AFBots_admin","245743155":"Negin ","300168274":"(at)AFdolat"},"group_type":"SuperGroup","settings":{"tag":"yes","set_name":"پشتيباني ربات(AF)","member":"no","lock_contacts":"no","fosh":"yes","strict":"no","username":"yes","flood_msg_max":"10","lock_tgservice":"yes","public":"no","lock_bots":"yes","lock_arabic":"no","cmd":"yes","lock_sticker":"yes","flood":"yes","inline":"yes","lock_rtl":"no","lock_spam":"yes","lock_link":"yes","lock_fwd":"yes"}},"1073598163":{"set_owner":272461284,"settings":{"lock_rtl":"no","set_name":"گردهمی باحالا","member":"no","public":"no","lock_spam":"yes","lock_arabic":"no","flood":"yes","lock_sticker":"no","strict":"no","lock_tgservice":"yes","lock_link":"yes","lock_contacts":"no"},"long_id":"$05000000d3cefd3f517993f949b926ae","moderators":[],"group_type":"SuperGroup"},"1035121109":{"set_owner":"152785039","settings":{"lock_rtl":"no","set_name":"ﺳــــــــرای اندﻳﺸــــــــه","member":"no","lock_spam":"yes","fosh":"yes","strict":"no","username":"no","flood_msg_max":"10","lock_tgservice":"yes","public":"no","lock_arabic":"no","flood":"yes","inline":"yes","lock_contacts":"no","lock_sticker":"no","lock_link":"yes","lock_fwd":"yes"},"long_id":"$05000000d5b1b23d812d58f01f53a0af","moderators":{"272461284":"(at)AFNero","253109905":"i . m ","195981003":"(at)danyial_95","264003697":"(at)IRDevs","266262822":"◦•●◉✿ریحانه✿◉●•◦ ","226127407":"(at)tejoon"},"group_type":"SuperGroup"},"1052392555":{"set_owner":"284988107","settings":{"lock_rtl":"yes","lock_tgservice":"yes","set_name":"بیاید گپ جدید لینک توضیحات","member":"no","public":"no","lock_spam":"yes","lock_arabic":"no","cmd":"yes","lock_sticker":"no","flood":"yes","strict":"no","fosh":"yes","lock_fwd":"yes","lock_link":"yes","lock_contacts":"yes"},"long_id":"$050000006b3cba3ed52c801a8dbf692b","moderators":{"284988107":"(at)Alirezachetmokh"},"group_type":"SuperGroup"},"1058126233":{"set_owner":287134127,"settings":{"lock_rtl":"no","set_name":"Sɧąŗε Aƈƈσųŋŧ","member":"no","public":"no","lock_spam":"yes","lock_arabic":"no","flood":"yes","lock_sticker":"no","strict":"no","lock_tgservice":"yes","lock_link":"no","lock_contacts":"no"},"long_id":"$0500000099b9113fe4f96dd7adfec87a","moderators":[],"group_type":"SuperGroup"},"1081706859":{"set_owner":272461284,"settings":{"lock_rtl":"no","set_name":"😂پاریس 😲کوچولو😜","member":"no","public":"no","lock_spam":"yes","lock_arabic":"no","flood":"yes","lock_sticker":"no","strict":"no","lock_tgservice":"yes","lock_link":"yes","lock_contacts":"no"},"long_id":"$050000006b89794087baba3a5dc0cca6","moderators":[],"group_type":"SuperGroup"},"1092209703":{"set_owner":276811404,"settings":{"lock_rtl":"no","set_name":"Iranian programmer","member":"no","public":"no","lock_spam":"yes","lock_arabic":"no","flood":"yes","lock_sticker":"no","strict":"no","lock_tgservice":"yes","lock_link":"no","lock_contacts":"no"},"long_id":"$0500000027cc1941ca83335996dd43cf","moderators":[],"group_type":"SuperGroup"},"1093449270":{"set_owner":"107226681","settings":{"fosh":"yes","lock_rtl":"no","lock_tgservice":"yes","set_name":"💖💖عشقیا💖💖","member":"no","public":"no","lock_bots":"yes","lock_arabic":"no","flood":"no","lock_sticker":"no","lock_link":"yes","strict":"no","username":"yes","lock_contacts":"no","lock_fwd":"yes","lock_spam":"yes"},"long_id":"$0500000036b62c4147b2f78fc581be0f","moderators":{"225920791":"ⓡ🍁🍁ⓐ","264814373":"......... ","150407756":"(at)setaare333","193181186":"چالاک","189012600":"این کهنه جهان ب کس نماند باقی ","272461284":"(at)AFNero","261699592":"Naghmeh","204662968":"فرهاد"},"group_type":"SuperGroup"},"1073688044":{"set_owner":272461284,"settings":{"lock_rtl":"no","set_name":"💗 new love 💗","member":"no","public":"no","lock_spam":"yes","lock_arabic":"no","flood":"yes","lock_sticker":"no","strict":"no","lock_tgservice":"yes","lock_link":"yes","lock_contacts":"no"},"long_id":"$05000000ec2dff3fae23a0ebe4303349","moderators":[],"group_type":"SuperGroup"},"1061403318":{"set_owner":292668302,"settings":{"lock_rtl":"no","set_name":"پشتیبانی ربات | Bot Support","member":"no","public":"no","lock_spam":"yes","lock_arabic":"no","flood":"yes","lock_sticker":"no","strict":"no","lock_tgservice":"yes","lock_link":"no","lock_contacts":"no"},"long_id":"$05000000b6ba433f297c69151c6ef357","moderators":[],"group_type":"SuperGroup"},"1088673442":{"set_owner":"272461284","settings":{"tag":"yes","set_name":"💯💖﹍ßεsтƒℜЇɛη∂﹍💖💯","member":"no","lock_contacts":"yes","strict":"no","username":"yes","flood_msg_max":"4","lock_tgservice":"yes","number":"yes","public":"no","media":"yes","lock_arabic":"no","cmd":"yes","lock_sticker":"yes","inline":"yes","lock_rtl":"no","lock_spam":"yes","flood":"yes","lock_link":"yes","lock_fwd":"yes"},"long_id":"$05000000a2d6e3405301d3b4965e3d18","moderators":{},"group_type":"SuperGroup"},"1085765846":{"set_owner":244359870,"settings":{"lock_rtl":"no","set_name":"TEST","member":"no","public":"no","lock_spam":"yes","lock_arabic":"no","flood":"yes","lock_sticker":"no","strict":"no","lock_tgservice":"yes","lock_link":"yes","lock_contacts":"no"},"long_id":"$05000000d678b7402c68b158f5a14b6d","moderators":[],"group_type":"SuperGroup"},"1075629149":{"set_owner":"294994499","settings":{"lock_rtl":"no","set_name":"احیاگران طب سنتی تهران ( پرسش وپاسخ )","member":"no","public":"no","lock_spam":"yes","lock_arabic":"no","flood":"yes","lock_sticker":"no","lock_tgservice":"yes","strict":"no","username":"yes","lock_link":"yes","lock_fwd":"yes","lock_contacts":"yes"},"long_id":"$050000005dcc1c40e7507a0282aab98f","moderators":{"297737737":"(at)M_aranjan","117199649":"(at)Zendegimh","249707820":"(at)hosien285"},"group_type":"SuperGroup"},"1075507168":{"set_owner":65761134,"settings":{"lock_rtl":"no","set_name":"Test","member":"no","public":"no","lock_spam":"yes","lock_arabic":"no","flood":"yes","lock_sticker":"no","strict":"no","lock_tgservice":"yes","lock_link":"no","lock_contacts":"no"},"long_id":"$05000000e0ef1a408ea7b845292d30e6","moderators":[],"group_type":"SuperGroup"},"1083164998":{"set_owner":272461284,"settings":{"lock_rtl":"no","set_name":"Nero","member":"no","public":"no","lock_spam":"yes","lock_arabic":"no","flood":"yes","lock_sticker":"no","strict":"no","lock_tgservice":"yes","lock_link":"no","lock_contacts":"no"},"long_id":"$0500000046c98f401be4e8afad7dc342","moderators":[],"group_type":"SuperGroup"},"1052945794":{"set_owner":"91012322","rules":"حامیان دولت تهران:\n#قوانین\n\nلطفا کامل مطالعه فرمائید:\n👇👇👇👇👇👇👇👇👇👇👇👇👇👇\n\n1⃣این گروه در جهت حمایت از رئیس جمهور محترم تشکیل شده است،طبیعی است که تمام قوانین و قواعد نظام جمهوری اسلامی باید در آن رعایت گردد و مطالبی که حاوی محتوای ضد دین،ضد انقلاب و ... میباشد جایی در این گروه نداشته و مسئولیت آن بر عهده ی فرستنده میباشد.\n\n2⃣همانگونه که گفته شد،این گروه فضایی است سیاسی جهت تبادل فکر و اندیشه ی اصیل اصلاح طلبی.در نتیجه انتشار هرگونه مطالب غیر مرتبط با گروه که جنبه ی توهین،تهمت و یا تبلیغ داشته باشد،ممنوع است.\n\n3⃣قطعا در یک جمع،همگی دارای تفکرات یکسان نبوده و بعضا اندیشه های مختلف و متفاوت با ما نیز حضور دارند.لذا سعی شود در بحث ها به یکدیگر احترام گذاشته و از نسبت دادن القاب زشت،الفاظ رکیک و ... به یکدیگر خودداری شود.\n\n4⃣از دوستان خواهشمندیم به حریم خصوصی افراد احترام گذاشته و با رفتن به ((پی وی)) دیگران ایجاد مزاحمت نفرمایند.در صورت گزارش تخلف،شخص خاطی بلاک شده و از گروه اخراج میگردد.\n\n5⃣ بدلیل برخی مسائل امنیتی و نفوذ برخی افراد،الزامیست که اکانت افراد حاضر در گروه دارای اسم و عکس باشد.\n\n6⃣ لطفا از فرستادن مطالب،عکس و فیلم تکراری جدا خودداری فرمائید.در ضمن از ارسال پیاپی استیکر نیز پرهیز نمائید.\n\n7⃣این گروه و فعالان آن تمامی زیر نظر و چهار چوب جمهوری اسلامی ایران به رهبری \" رهبر معظم انقلاب و متعهد به قانون اساسی کشور می باشد و با هر گونه توهین و تهمت برخورد جدی می کند.\n\n8⃣دوستان سعی کنند به قوانین بالا بطور کامل عمل نمایند تا خدای ناکرده مجبور به حذف عزیزان از گروه نشویم.\n🚫👈در ضمن به هر یک از عزیزان دو بار تذکر داده میشود.در صورت تکرار ادمین مجاز است تا فرد متخلف را از گروه حذف نماید👉🚫\n✌زنده باد مخالف من✌\n💚سپاس از حضور سبزتان💚\n\n\nلینک دعوت به ابر  گروه دولت تهران :\nhttps://telegram.me/joinchat/B7k5Kz7CrYKMnEbS9Rhhkg","long_id":"$0500000082adc23e044e967644aea603","moderators":{"254358999":"(at)Arta13922931","129579307":"(at)Behii88","300168274":"(at)AFdolat"},"group_type":"SuperGroup","settings":{"tag":"no","set_name":"★★ابر گروه حامیان دکتر روحانی ♣️","member":"no","lock_contacts":"no","strict":"no","username":"yes","flood_msg_max":"12","lock_tgservice":"no","public":"no","lock_bots":"no","number":"no","flood":"no","inline":"no","lock_spam":"no","lock_rtl":"no","lock_arabic":"no","lock_fwd":"no","lock_link":"no","lock_sticker":"no"}},"1074867626":{"set_owner":272461284,"settings":{"lock_rtl":"no","set_name":"Nero Test","member":"no","public":"no","lock_contacts":"yes","lock_arabic":"no","media":"yes","lock_sticker":"no","flood":"no","strict":"no","lock_tgservice":"yes","lock_spam":"yes","lock_link":"yes","flood_msg_max":"99"},"long_id":"$05000000aa2d11404dc8c338118806b9","moderators":[],"group_type":"SuperGroup"},"1076896000":{"set_owner":201661706,"settings":{"lock_rtl":"no","set_name":"🍏🍒گپ محمد🍒🍏","member":"no","public":"no","lock_spam":"yes","lock_arabic":"no","flood":"yes","lock_sticker":"no","strict":"no","lock_tgservice":"yes","lock_link":"yes","lock_contacts":"no"},"long_id":"$0500000000213040db960495aebfb9c0","moderators":[],"group_type":"SuperGroup"},"1095327887":{"set_owner":281710820,"settings":{"lock_rtl":"no","set_name":"تست ربات","member":"no","public":"no","lock_spam":"yes","lock_arabic":"no","flood":"yes","lock_sticker":"no","strict":"no","lock_tgservice":"yes","lock_link":"yes","lock_contacts":"no"},"long_id":"$050000008f604941d1562d937e3bbd7a","moderators":[],"group_type":"SuperGroup"},"1091676912":{"set_owner":272461284,"settings":{"lock_rtl":"no","set_name":"تست","member":"no","public":"no","lock_spam":"yes","lock_arabic":"no","flood":"no","lock_sticker":"no","strict":"no","lock_tgservice":"yes","lock_link":"yes","lock_contacts":"no"},"long_id":"$05000000f0aa1141004b535be8ad9fc1","moderators":{"272461284":"(at)AFNero"},"group_type":"SuperGroup"},"1079207730":{"set_owner":251818429,"settings":{"lock_rtl":"no","set_name":"تست test","member":"no","public":"no","lock_spam":"yes","lock_arabic":"no","flood":"yes","lock_sticker":"no","strict":"no","lock_tgservice":"yes","lock_link":"no","lock_contacts":"no"},"long_id":"$050000003267534019bc1fbf8f952dd9","moderators":[],"group_type":"SuperGroup"},"1065376658":{"set_owner":"109545825","rules":"📢قوانين گروه                                                     👇👇👇👇                                                      چت ممنون ⛔️  بجز پرسش وپاسخ در مورددرمان در طب اسلامي وسنتي","long_id":"$05000000925b803f88a91762b76f186c","moderators":[],"group_type":"SuperGroup","settings":{"lock_rtl":"no","set_name":"دانستنيهاي طب اسلامي و سنتي","member":"no","public":"no","lock_spam":"yes","lock_arabic":"no","flood":"no","lock_sticker":"no","lock_tgservice":"no","strict":"no","username":"no","lock_link":"no","lock_fwd":"no","lock_contacts":"no"}},"1081198079":{"set_owner":65761134,"settings":{"tag":"yes","set_name":"TeSt","member":"no","public":"no","lock_contacts":"no","lock_arabic":"no","flood":"yes","lock_sticker":"yes","strict":"no","lock_tgservice":"yes","lock_spam":"yes","lock_link":"no","lock_rtl":"no"},"long_id":"$05000000ffc571404bd24e9ed7e87139","moderators":{"221977780":"(at)AFDanger"},"group_type":"SuperGroup"},"1082463691":{"set_owner":260418416,"settings":{"tag":"yes","lock_link":"yes","set_name":"پـــآپیـƤαριOƝـــפּטּ ツ","member":"no","public":"no","lock_spam":"yes","lock_arabic":"no","flood":"yes","lock_sticker":"no","lock_tgservice":"yes","strict":"no","username":"yes","lock_contacts":"no","lock_fwd":"yes","lock_rtl":"no"},"long_id":"$05000000cb1585408b787130a0a47175","moderators":{"294404108":"(at)AFNerobot"},"group_type":"SuperGroup"},"1058823335":{"set_owner":112891553,"settings":{"lock_rtl":"no","set_name":"دنیای چت","member":"no","public":"no","lock_contacts":"no","lock_arabic":"no","flood":"yes","lock_sticker":"no","strict":"no","lock_tgservice":"yes","lock_link":"yes","lock_spam":"yes"},"long_id":"$05000000a75c1c3fd9928728d2cf7f5a","moderators":[],"group_type":"SuperGroup"},"1085323712":{"set_owner":282342819,"settings":{"lock_rtl":"no","set_name":"TestBots","member":"no","public":"no","lock_spam":"yes","lock_arabic":"no","flood":"no","lock_sticker":"no","strict":"no","lock_tgservice":"yes","lock_link":"no","lock_contacts":"no"},"long_id":"$05000000c0b9b0405b907f7c4cf2feb1","moderators":{"221977780":"(at)AFDanger","321237006":"(at)MarYamjoo00oon"},"group_type":"SuperGroup"},"1071850797":{"set_owner":272461284,"settings":{"lock_rtl":"no","set_name":"\"بینش نو\"","member":"no","public":"no","lock_spam":"yes","lock_arabic":"no","flood":"yes","lock_sticker":"no","strict":"no","lock_tgservice":"yes","lock_link":"no","lock_contacts":"no"},"long_id":"$050000002d25e33f6c556e9b198fbb9f","moderators":[],"group_type":"SuperGroup"},"1075507361":{"set_owner":240410735,"settings":{"lock_rtl":"no","set_name":"👈🌷🌷دوستانه🌷🌷👉","member":"no","public":"no","lock_contacts":"no","lock_arabic":"no","flood":"yes","lock_sticker":"no","strict":"no","lock_tgservice":"yes","lock_spam":"yes","lock_link":"yes","lock_fwd":"yes"},"long_id":"$05000000a1f01a40160f0c0abb255412","moderators":[],"group_type":"SuperGroup"},"1083981948":{"set_owner":"242032203","settings":{"lock_rtl":"no","set_name":"گروه پشتیبانی ربات ضد اسپم","member":"no","public":"no","lock_spam":"yes","lock_arabic":"no","flood":"yes","lock_sticker":"no","strict":"no","lock_tgservice":"yes","lock_link":"no","lock_contacts":"no"},"long_id":"$050000007c409c40383dc3e4cc0075a8","moderators":{"242032203":"(at)Y_Yasin_Shadow_Y"},"group_type":"SuperGroup"},"1059349847":{"set_owner":"182878586","settings":{"lock_rtl":"no","lock_link":"yes","set_name":"☔☔☔چتر آبی☔☔☔","member":"no","public":"no","lock_bots":"yes","lock_arabic":"no","flood":"no","lock_sticker":"no","lock_tgservice":"yes","strict":"no","username":"no","lock_contacts":"no","lock_fwd":"no","lock_spam":"yes"},"long_id":"$050000005765243fe3a0f1f388657329","moderators":{"272461284":"(at)AFNero","235063124":"(at)mohsenjannatian","182878586":"(at)Ebrahim_Alilou","104293540":"آسیه*","160554611":"(at)mahdi_R76","101889905":"(at)RezayiR64"},"group_type":"SuperGroup"},"1088346242":{"set_owner":"215515559","settings":{"lock_rtl":"no","set_name":"Tab","member":"no","public":"no","lock_spam":"yes","lock_arabic":"no","flood":"yes","lock_sticker":"no","strict":"no","lock_tgservice":"yes","lock_link":"no","lock_contacts":"no"},"long_id":"$0500000082d8de40f7b787ebba61000b","moderators":{"215515559":"(at)FatiJon85","257554507":"(at)NAZiJoo0ooN","262055123":"(at)Fatijo0on"},"group_type":"SuperGroup"},"1084293901":{"set_owner":"230861304","settings":{"lock_rtl":"no","set_name":"gggggp","member":"no","public":"no","lock_spam":"yes","lock_arabic":"no","flood":"no","lock_sticker":"no","strict":"no","lock_tgservice":"yes","lock_link":"yes","lock_contacts":"no"},"long_id":"$050000000d03a14011cd093d33e078c6","moderators":[],"group_type":"SuperGroup"},"1094763848":{"set_owner":282342819,"settings":{"lock_rtl":"no","set_name":"TestAF","member":"no","public":"no","lock_spam":"yes","lock_arabic":"no","flood":"no","lock_sticker":"no","strict":"no","lock_tgservice":"yes","lock_link":"yes","lock_contacts":"no"},"long_id":"$0500000048c5404120f3579f2eddcb27","moderators":[],"group_type":"SuperGroup"},"1087238272":{"set_owner":65761134,"settings":{"lock_rtl":"no","set_name":"11111111111111111111111111111111111111111","member":"no","public":"no","lock_spam":"yes","lock_arabic":"no","flood":"no","lock_sticker":"no","strict":"no","lock_tgservice":"yes","lock_link":"yes","lock_contacts":"no"},"long_id":"$0500000080f0cd406d9efc6543dc0003","moderators":[],"group_type":"SuperGroup"},"groups":{"1090268407":1090268407,"1066740699":1066740699,"1074758918":1074758918,"1083432263":1083432263,"1076495623":1076495623,"1059933328":1059933328,"1097331284":1097331284,"1079798313":1079798313,"133456156":133456156,"1087685050":1087685050,"1076083163":1076083163,"1051679010":1051679010,"1054345919":1054345919,"1096868876":1096868876,"1096809108":1096809108,"1074502939":1074502939,"1095216324":1095216324,"1073598163":1073598163,"1035121109":1035121109,"1052392555":1052392555,"1058126233":1058126233,"1081706859":1081706859,"1092209703":1092209703,"1093449270":1093449270,"1073688044":1073688044,"1061403318":1061403318,"1088673442":1088673442,"1085765846":1085765846,"1075629149":1075629149,"1075507168":1075507168,"1083164998":1083164998,"1052945794":1052945794,"1074867626":1074867626,"1076896000":1076896000,"1095327887":1095327887,"1091676912":1091676912,"1079207730":1079207730,"1065376658":1065376658,"1081198079":1081198079,"1082463691":1082463691,"1058823335":1058823335,"1085323712":1085323712,"1071850797":1071850797,"1075507361":1075507361,"1074811771":1074811771,"1059349847":1059349847,"1088346242":1088346242,"1084293901":1084293901,"1094763848":1094763848,"1088587844":1088587844,"1073478030":1073478030,"1064181309":1064181309,"1090870733":1090870733,"1076340968":1076340968,"1080447674":1080447674,"1095312134":1095312134,"1093836796":1093836796,"1081464835":1081464835,"1077788783":1077788783,"1037142775":1037142775,"1075792389":1075792389,"1069762020":1069762020,"1092611777":1092611777,"1066314512":1066314512,"1089886117":1089886117,"1088491543":1088491543,"1085932496":1085932496,"1085626325":1085626325,"1083981948":1083981948,"1061866557":1061866557,"1085222325":1085222325,"1079217422":1079217422,"1031459611":1031459611,"1087238272":1087238272,"1097915762":1097915762,"1057174803":1057174803,"1089806486":1089806486,"1074025396":1074025396},"1031459611":{"set_owner":224661370,"settings":{"lock_rtl":"no","set_name":"BlackPlus Support | پشتبانی بلک پلاس","member":"no","public":"no","lock_spam":"yes","lock_arabic":"no","flood":"no","lock_sticker":"no","strict":"no","lock_tgservice":"yes","lock_link":"no","lock_contacts":"no"},"long_id":"$050000001bd37a3d32f87b797e08c11a","moderators":[],"group_type":"SuperGroup"},"1073478030":{"set_owner":240813488,"settings":{"tag":"yes","set_name":"💃💋برو بچ باحال😘💃","member":"no","lock_spam":"yes","strict":"no","username":"yes","flood_msg_max":"10","lock_tgservice":"yes","public":"no","lock_arabic":"no","cmd":"yes","lock_sticker":"no","flood":"yes","lock_rtl":"no","lock_contacts":"yes","lock_link":"yes","lock_fwd":"yes"},"long_id":"$050000008ef9fb3f0bc916e5fc11b85a","moderators":[],"group_type":"SuperGroup"},"1069762020":{"set_owner":"251820616","settings":{"lock_link":"yes","lock_rtl":"no","flood":"yes","set_name":"Hamyar","member":"no","public":"no","lock_spam":"yes","lock_arabic":"no","media":"yes","lock_sticker":"no","lock_tgservice":"yes","strict":"no","username":"yes","lock_contacts":"yes","lock_fwd":"yes","lock_bots":"yes"},"long_id":"$05000000e445c33fb28c6e9fe6ab5b45","moderators":[],"group_type":"SuperGroup"},"1076340968":{"set_owner":"245743155","settings":{"lock_rtl":"no","set_name":"خودم و عشقم","member":"no","public":"no","lock_spam":"yes","lock_arabic":"no","flood":"yes","lock_sticker":"no","strict":"no","lock_tgservice":"yes","lock_link":"no","lock_contacts":"no"},"long_id":"$05000000e8a8274014dbbe179aaf3d9c","moderators":{"245743155":"Negin","242019561":"(at)AFProtect"},"group_type":"SuperGroup"},"1088491543":{"set_owner":"257627103","rules":"سلام به سوپرگروه دورهمي خوش اومدید👈🙏🌹\nتبلیغات👈⛔️\nمثبت 18👈⛔️\nتوهین وبی ادبی👈⛔️\nزیر آبی⛔️\n\nامیدوارم که بهتون خوش بگذره😘","long_id":"$050000001710e140ea9ea69bf50f47a3","moderators":{"272461284":"(at)AFNero","294404108":"(at)AFNerobot","253309453":"(at)Cloud_me","257554507":"(at)NAZiJoo0ooN","242779041":"دنیام پر درد نیا! ","242019561":"(at)AFProtect","264561785":"(at)marg124"},"group_type":"SuperGroup","settings":{"lock_rtl":"yes","set_link":"https://telegram.me/joinchat/D8TkeUDhEBcfPYXyODeSOA","set_name":"Dorhami😍","member":"no","lock_contacts":"no","fosh":"yes","strict":"no","flood_msg_max":"5","lock_tgservice":"yes","public":"no","lock_bots":"no","lock_arabic":"no","media":"no","lock_sticker":"yes","flood":"yes","lock_spam":"yes","cmd":"yes","lock_link":"yes","lock_fwd":"yes"}},"1080447674":{"set_owner":295906539,"settings":{"lock_rtl":"no","set_name":"پشتیبانی رباتهای ضد لینک UB","member":"no","public":"no","lock_spam":"yes","lock_arabic":"no","flood":"no","lock_sticker":"no","strict":"no","lock_tgservice":"yes","lock_link":"no","lock_contacts":"no"},"long_id":"$05000000ba5266404fdf56f675951cb9","moderators":[],"group_type":"SuperGroup"},"1095312134":{"set_owner":162240700,"settings":{"lock_rtl":"no","set_name":"cafe","member":"no","public":"no","lock_spam":"yes","lock_arabic":"no","flood":"yes","lock_sticker":"no","strict":"no","lock_tgservice":"yes","lock_link":"yes","lock_contacts":"no"},"long_id":"$050000000623494153749bdbc969b6b8","moderators":{"251820616":"😶"},"group_type":"SuperGroup"},"1081464835":{"set_owner":"245743155","settings":{"lock_rtl":"no","set_name":"Dorhami","member":"no","lock_spam":"yes","fosh":"yes","set_photo":"data/photos/channel_photo_1081464835.jpg","strict":"no","flood_msg_max":"5","lock_tgservice":"yes","public":"no","lock_bots":"yes","lock_arabic":"no","media":"yes","lock_sticker":"yes","flood":"no","lock_contacts":"yes","lock_link":"yes","lock_fwd":"yes"},"long_id":"$0500000003d87540e62160adae6d755a","moderators":{"272461284":"(at)AFNero","253309453":"(at)Cloud_me","114641454":"(at)AloneMan19","245743155":"₡₪↯♥ пξَģįп ♥↯₪₡","242019561":"(at)AFProtect"},"group_type":"SuperGroup"},"1077788783":{"set_owner":221977780,"settings":{"lock_member":"yes","set_name":"Hi","member":"no","public":"no","lock_contacts":"no","lock_arabic":"no","flood":"yes","lock_sticker":"yes","lock_tgservice":"yes","strict":"no","lock_spam":"yes","warn_max":"3","lock_link":"yes","lock_rtl":"no"},"long_id":"$050000006fc03d400282fdcbf969553a","moderators":{"240410735":"(at)AFProject","272461284":"(at)AFNero"},"group_type":"SuperGroup"},"1093836796":{"set_owner":65761134,"settings":{"lock_rtl":"no","set_name":"\u2068","member":"no","public":"no","lock_spam":"yes","lock_arabic":"no","flood":"yes","lock_sticker":"no","strict":"no","lock_tgservice":"yes","lock_link":"no","lock_contacts":"no"},"long_id":"$05000000fc9f324146bca84bd7bdfdf2","moderators":[],"group_type":"SuperGroup"},"1075792389":{"set_owner":186819746,"settings":{"lock_rtl":"no","set_name":"M&k","member":"no","public":"no","lock_spam":"yes","lock_arabic":"no","flood":"yes","lock_sticker":"no","strict":"no","lock_tgservice":"yes","lock_link":"no","lock_contacts":"no"},"long_id":"$05000000054a1f403c0ae8d4e812f2d7","moderators":[],"group_type":"SuperGroup"},"1037142775":{"set_owner":245300778,"settings":{"lock_rtl":"no","set_name":"➣☆Share.Contacts☆➣","member":"no","public":"no","lock_spam":"yes","lock_arabic":"no","flood":"yes","lock_sticker":"no","strict":"no","lock_tgservice":"yes","lock_link":"no","lock_contacts":"no"},"long_id":"$05000000f78ad13d9ad722f4ec426a22","moderators":[],"group_type":"SuperGroup"},"1092611777":{"set_owner":121931791,"settings":{"lock_rtl":"no","set_name":"پسران خوشگل،17","member":"no","public":"no","lock_contacts":"no","lock_arabic":"no","flood":"yes","lock_sticker":"no","strict":"no","lock_tgservice":"yes","lock_spam":"yes","lock_link":"yes","lock_fwd":"yes"},"long_id":"$05000000c1ee1f418dac5581df25309a","moderators":{"275439294":"پوریا"},"group_type":"SuperGroup"},"1089806486":{"set_owner":272461284,"settings":{"lock_rtl":"no","set_name":"Nero","member":"no","public":"no","lock_spam":"yes","lock_arabic":"no","flood":"yes","lock_sticker":"no","strict":"no","lock_tgservice":"yes","lock_link":"no","lock_contacts":"no"},"long_id":"$050000009620f540363ced255508fe76","moderators":[],"group_type":"SuperGroup"},"1066314512":{"set_owner":240410735,"settings":{"lock_rtl":"no","set_name":"Test try","member":"no","public":"no","lock_spam":"yes","lock_arabic":"no","flood":"yes","lock_sticker":"no","strict":"no","username":"yes","lock_tgservice":"yes","lock_link":"yes","lock_contacts":"no"},"long_id":"$0500000010ab8e3fcca74b0415b86a27","moderators":[],"group_type":"SuperGroup"},"1089886117":{"set_owner":266684685,"settings":{"lock_rtl":"no","set_name":"Creators bot","member":"no","public":"no","lock_spam":"yes","lock_arabic":"no","flood":"yes","lock_sticker":"no","strict":"no","lock_tgservice":"yes","lock_link":"no","lock_contacts":"no"},"long_id":"$05000000a557f64072077e06b8f75a26","moderators":[],"group_type":"SuperGroup"},"1096809108":{"set_owner":"252996993","rules":"فُیٍلَمِ وهِـرچیزَهِـ 🔞+\nلَینٌک=ریمِو و ڕێپۅڒﭞ😼\nبّـی أٍدبّـی=ریمِو😾\nوروده بی جنبه ها ممنوع\nیهِـ ✍♛ٍدُورهِـمی♛✍ ٍدُوستُأنهِـ بّأٍدُوسًتُأیهِـ مِجَأزَی😸👣\nهِـرَشّـبمِ صِـنٌدٍُلی ٍ⇜دأغّ⇝ دأریمِ😻😽🙈🙊","long_id":"$0500000094fa5f41106a25b0bef4b39b","moderators":{"240410735":"(at)AFProject","286254656":"سجی"},"group_type":"SuperGroup","settings":{"tag":"yes","set_name":"▩▩♚✍ډۆرﮪمێ✍♚▩▩","member":"no","lock_contacts":"yes","fosh":"yes","strict":"no","username":"yes","lock_tgservice":"yes","public":"no","lock_arabic":"no","media":"no","lock_sticker":"yes","flood":"yes","lock_rtl":"no","lock_spam":"yes","lock_link":"yes","lock_fwd":"yes"}},"1090870733":{"set_owner":151443032,"settings":{"lock_rtl":"no","set_name":"تنهایی","member":"no","public":"no","lock_spam":"yes","lock_arabic":"no","flood":"yes","lock_sticker":"no","strict":"no","lock_tgservice":"yes","lock_link":"no","lock_contacts":"no"},"long_id":"$05000000cd5d05414cda45e65ec14681","moderators":[],"group_type":"SuperGroup"},"1097915762":{"set_owner":132803336,"rules":"سلام همگی خوش امدید🌹\n\nلینک گروه ⛔️\nلینک کانال ⛔️\nگدایی استیکر ⛔\nپی وی دخترا⛔️\nفحاشی⛔️\nهر گونه تبلیغ ⛔️\nمخ زنی ⛔️\n+18⛔️\nhttps://telegram.me/joinchat/ESVZH0Fw3XLJFdM6jA88JQ","long_id":"$0500000072dd70413210468c9c1745c0","moderators":{"287660319":"(at)BOMB12123"},"group_type":"SuperGroup","settings":{"lock_rtl":"no","set_name":"😉گــــپ👥خـــاصـــ✌️","member":"no","public":"no","lock_spam":"yes","lock_arabic":"no","flood":"yes","lock_sticker":"no","lock_tgservice":"yes","strict":"no","username":"yes","lock_link":"yes","lock_fwd":"yes","lock_contacts":"no"}},"1061866557":{"set_owner":"190583243","settings":{"lock_rtl":"no","set_name":"Love Technology","member":"no","public":"no","lock_spam":"yes","lock_arabic":"no","cmd":"yes","lock_sticker":"yes","flood":"yes","strict":"no","lock_tgservice":"yes","lock_fwd":"yes","lock_link":"yes","lock_contacts":"no"},"long_id":"$050000003dcc4a3f562a71893e3790c8","moderators":[],"group_type":"SuperGroup"},"1085222325":{"set_owner":264174591,"settings":{"lock_rtl":"no","lock_tgservice":"yes","set_name":"❆♔ډۉڔﮫﻣﮱ♔❆","member":"no","public":"no","lock_bots":"yes","lock_arabic":"no","cmd":"yes","lock_sticker":"yes","flood":"yes","strict":"no","fosh":"yes","lock_spam":"yes","lock_link":"yes","lock_contacts":"yes"},"long_id":"$05000000b52daf40ae0a39141ab023ac","moderators":{"278264533":"(at)Nazannnninn"},"group_type":"SuperGroup"},"1079217422":{"set_owner":"297737737","settings":{"tag":"yes","set_name":"طب سنتی غلامپور","member":"no","lock_spam":"yes","fosh":"yes","strict":"no","username":"yes","lock_tgservice":"yes","public":"no","flood":"yes","lock_arabic":"no","cmd":"yes","lock_sticker":"yes","lock_rtl":"no","inline":"yes","lock_contacts":"yes","media":"yes","lock_link":"yes","lock_fwd":"yes"},"long_id":"$050000000e8d5340316cf8fb62ef76bf","moderators":{"177394639":"وحید","272461284":"(at)AFNero"},"group_type":"SuperGroup"},"1088587844":{"set_owner":"178478194","settings":{"tag":"yes","set_name":"─═हई♚❤ทิі!ģнt↯❤♚ईह═─","member":"no","lock_spam":"yes","fosh":"yes","strict":"no","flood_msg_max":"10","lock_tgservice":"yes","public":"no","lock_arabic":"no","flood":"yes","lock_sticker":"yes","number":"yes","lock_rtl":"no","inline":"yes","lock_contacts":"yes","lock_link":"yes","media":"yes"},"long_id":"$050000004488e24098bff6e0b94e46f9","moderators":{"240410735":"(at)AFProject","159083523":"(at)ROSANAK","118080274":"(at)Peymanas66","180932682":"(at)birhasratyolu"},"group_type":"SuperGroup"},"1064181309":{"set_owner":252804840,"settings":{"lock_rtl":"no","set_name":"❤️عشق ممنوع❤️","member":"no","public":"no","lock_spam":"yes","lock_arabic":"no","flood":"yes","lock_sticker":"no","strict":"no","lock_tgservice":"yes","lock_link":"no","lock_contacts":"no"},"long_id":"$050000003d1e6e3f773499935233d95a","moderators":[],"group_type":"SuperGroup"},"1074811771":{"set_owner":"92637994","settings":{"tag":"yes","set_link":"https://telegram.me/joinchat/BYWLKkAQU3vkSgKqK-1Xcg","set_name":"Laass & & vegaass","member":"no","lock_spam":"yes","strict":"no","username":"yes","lock_tgservice":"yes","flood":"yes","public":"no","lock_bots":"no","lock_arabic":"no","cmd":"yes","inline":"yes","lock_sticker":"yes","lock_rtl":"no","lock_contacts":"yes","lock_fwd":"yes","lock_link":"yes","media":"yes"},"long_id":"$050000007b531040b3092914e6b3050e","moderators":{"229533808":"(at)Crwn_bot","300168274":"(at)AFdolat"},"group_type":"SuperGroup"},"1057174803":{"set_owner":65761134,"settings":{"lock_rtl":"no","set_name":"Hey","member":"no","public":"no","lock_spam":"yes","lock_arabic":"no","flood":"yes","lock_sticker":"no","strict":"no","lock_tgservice":"yes","lock_link":"no","lock_contacts":"no"},"long_id":"$050000001335033f7d1aaa0171bf45f2","moderators":[],"group_type":"SuperGroup"},"1074025396":{"set_owner":272461284,"settings":{"lock_rtl":"no","set_name":"دیار باقی","member":"no","public":"no","lock_spam":"yes","lock_arabic":"no","flood":"yes","lock_sticker":"no","strict":"no","lock_tgservice":"yes","lock_link":"no","lock_contacts":"no"},"long_id":"$05000000b45304405bb21ba0cb55776f","moderators":[],"group_type":"SuperGroup"},"1085626325":{"set_owner":131457854,"settings":{"lock_rtl":"no","set_name":"جوانا بيكار","member":"no","public":"no","lock_spam":"yes","lock_arabic":"no","flood":"yes","lock_sticker":"no","strict":"no","lock_tgservice":"yes","lock_link":"yes","lock_contacts":"no"},"long_id":"$05000000d557b540b15076765b1878b4","moderators":[],"group_type":"SuperGroup"}}