{"1095216324":{"moderators":{"240486291":"(at)edit_locker_bot","294690875":"(at)AFJokebot","242019561":"(at)AFProtect","210686345":"(at)gTurbo","272461284":"(at)AFNero","264772766":"(at)AFNitro","183578158":"(at)n_ran","122110226":"(at)mr98_bot1","200698765":"(at)LockEditMsg_Bot","251818429":"(at)AFProbot","229533808":"(at)Crwn_bot","124954330":"Wasal Faqiryar","257627103":"(at)AFhero","221977780":"(at)AFDanger","257554507":"(at)AFProbot","148758819":"(at)Kings_power","294404108":"(at)AFNerobot","264561785":"(at)Nilo1123","261702370":"(at)Dont_EditBot","251422122":"(at)AFProbot"},"group_type":"SuperGroup","long_id":"$05000000c4ac4741273f41a027916943","settings":{"flood":"yes","flood_msg_max":"5","set_name":"ربات ضد لينك","strict":"no","username":"yes","lock_sticker":"yes","lock_bots":"yes","set_link":"https://telegram.me/joinchat/BsTkekFHrMRKyCNX27vURw","lock_rtl":"yes","lock_spam":"yes","reply":"no","english":"no","public":"no","lock_contacts":"yes","tag":"yes","lock_arabic":"no","lock_tgservice":"yes","lock_link":"yes","member":"no","fwd":"yes"},"set_owner":"183578158"},"1077788783":{"moderators":{"257627103":"(at)AFhero","272461284":"(at)AFNero"},"group_type":"SuperGroup","long_id":"$050000006fc03d40c8e8c36afe7e7cf8","settings":{"flood":"yes","flood_msg_max":"10","lock_spam":"yes","strict":"no","lock_rtl":"no","lock_contacts":"no","username":"yes","public":"no","set_name":"Hi","lock_sticker":"no","lock_link":"yes","lock_arabic":"no","member":"no","lock_tgservice":"yes"},"set_owner":272461284},"170484215":{"moderators":[],"group_type":"Group","long_id":"$02000000f761290a0000000000000000","settings":{"flood":"yes","lock_name":"yes","lock_photo":"no","set_name":"خوده خودم","lock_member":"no"},"set_owner":272461284},"groups":{"1095216324":1095216324,"1052259291":1052259291,"170484215":170484215,"131632822":131632822,"1082357870":1082357870,"1050675250":1050675250,"1077788783":1077788783,"1070296129":1070296129,"1099410842":1099410842,"1088491543":1088491543,"1074867626":1074867626,"1082767551":1082767551,"1074695137":1074695137,"1062365710":1062365710,"1070292042":1070292042,"1078070176":1078070176,"1076896000":1076896000,"1088673442":1088673442,"1080398681":1080398681,"1067671566":1067671566,"1090105736":1090105736,"1077287223":1077287223,"1073879067":1073879067},"1082357870":{"moderators":[],"group_type":"SuperGroup","long_id":"$050000006e7883409076bde661a610c5","settings":{"flood":"yes","lock_spam":"yes","strict":"no","lock_contacts":"no","public":"no","lock_rtl":"no","set_name":"Danger","lock_sticker":"no","lock_link":"no","lock_arabic":"no","member":"no","lock_tgservice":"yes"},"set_owner":221977780},"1050675250":{"moderators":{"75069115":"(at)aliheydarian76"},"group_type":"SuperGroup","long_id":"$050000003208a03e02d17cec53b4eea1","settings":{"flood":"yes","flood_msg_max":"7","set_name":"๔๏кђtคг թєรคгคץє ₭₹₰","strict":"no","username":"yes","lock_sticker":"no","set_link":"https://telegram.me/joinchat/BHl2uz6gCDKW8uXCTtiNvw","lock_link":"yes","lock_spam":"yes","reply":"no","public":"no","lock_rtl":"no","tag":"no","lock_arabic":"no","lock_contacts":"no","lock_tgservice":"no","member":"no","fwd":"yes"},"set_owner":283697062},"1099410842":{"moderators":[],"group_type":"SuperGroup","long_id":"$050000009aad8741b868f2315d994cff","settings":{"flood":"yes","set_name":"😜(پسرای آس دخملای خاص)😛","strict":"no","username":"yes","fosh":"yes","lock_sticker":"no","lock_bots":"yes","lock_link":"yes","lock_spam":"yes","english":"yes","lock_tgservice":"yes","public":"no","lock_contacts":"yes","tag":"yes","lock_arabic":"no","lock_rtl":"no","member":"no","fwd":"yes","operator":"yes"},"set_owner":149608209},"1074695137":{"moderators":[],"group_type":"SuperGroup","long_id":"$05000000e18b0e402cd491630426e25e","settings":{"flood":"yes","lock_spam":"yes","strict":"no","lock_contacts":"no","public":"no","lock_rtl":"no","set_name":"Sυ⒫əℜ Ѧ⒟ღɪη","lock_sticker":"no","lock_link":"no","lock_arabic":"no","member":"no","lock_tgservice":"yes"},"set_owner":221977780},"1076896000":{"moderators":[],"group_type":"SuperGroup","long_id":"$05000000002130403de1d9a1c27e46a7","settings":{"flood":"yes","lock_spam":"yes","strict":"no","lock_contacts":"no","public":"no","lock_rtl":"no","set_name":"🍏🍒گپ محمد🍒🍏","lock_sticker":"no","lock_link":"yes","lock_arabic":"no","member":"no","lock_tgservice":"yes"},"set_owner":201661706},"1088491543":{"moderators":{"294404108":"(at)AFNerobot"},"group_type":"SuperGroup","long_id":"$050000001710e14054c9f5f485695a54","settings":{"flood":"yes","lock_spam":"yes","strict":"no","lock_rtl":"no","public":"no","lock_contacts":"no","set_name":"Dorhami😍","lock_sticker":"no","lock_link":"no","lock_arabic":"no","member":"no","lock_tgservice":"yes"},"set_owner":212459254},"1073879067":{"moderators":[],"group_type":"SuperGroup","long_id":"$050000001b180240b98e59083e7eaa9e","settings":{"flood":"yes","lock_spam":"yes","strict":"no","lock_contacts":"no","public":"no","lock_rtl":"no","set_name":"BZX","lock_sticker":"no","lock_link":"no","lock_arabic":"no","member":"no","lock_tgservice":"yes"},"set_owner":238104026},"1078070176":{"moderators":[],"group_type":"SuperGroup","long_id":"$05000000a00b4240402f37d3e94910c9","settings":{"flood":"yes","lock_spam":"yes","strict":"no","lock_contacts":"no","public":"no","lock_rtl":"no","set_name":"Me&U","lock_sticker":"no","lock_link":"no","lock_arabic":"no","member":"no","lock_tgservice":"yes"},"set_owner":257627103},"1082767551":{"moderators":[],"group_type":"SuperGroup","long_id":"$05000000bfb88940001786b5f17e4e98","settings":{"flood":"yes","lock_spam":"yes","strict":"no","lock_contacts":"no","public":"no","lock_rtl":"no","set_name":"دورهمي :)","lock_sticker":"no","lock_link":"no","lock_arabic":"no","member":"no","lock_tgservice":"yes"},"set_owner":272461284},"1088673442":{"moderators":[],"group_type":"SuperGroup","long_id":"$05000000a2d6e34048bcd843ef85567b","settings":{"flood":"yes","lock_spam":"yes","strict":"no","lock_contacts":"no","public":"no","lock_rtl":"no","set_name":". پًًٍٍـًٍرًًٍٍشْیًًٍـًٍنًٍ®مٍٍُّوٌٍُُزًٍٍیًٍڪًٍٍ","lock_sticker":"no","lock_link":"no","lock_arabic":"no","member":"no","lock_tgservice":"yes"},"set_owner":149041020},"1062365710":{"moderators":[],"group_type":"SuperGroup","long_id":"$050000000e6a523f209933a6ff93164c","settings":{"flood":"yes","lock_spam":"yes","strict":"no","lock_contacts":"no","public":"no","lock_rtl":"no","set_name":"❤❤عُّشُّقُّوُّلُّیُّاُّاُّاُّاُّاُّ❤❤","lock_sticker":"no","lock_link":"no","lock_arabic":"no","member":"no","lock_tgservice":"yes"},"set_owner":296518903},"1070292042":{"moderators":[],"group_type":"hello","long_id":"$050000004a5ccb3fa095dd4bf141ac0a","settings":{"flood":"yes","lock_spam":"yes","strict":"no","english":"yes","reply":"yes","lock_contacts":"no","public":"no","lock_rtl":"no","lock_link":"no","lock_sticker":"no","lock_arabic":"no","set_name":"Protect","member":"no","lock_tgservice":"yes"},"set_owner":113566842},"131632822":{"moderators":[],"group_type":"Group","long_id":"$02000000b68ed8070000000000000000","settings":{"flood":"yes","lock_name":"yes","lock_photo":"no","set_name":"Herat Knight","lock_member":"no"},"set_owner":176882477},"1070296129":{"moderators":[],"group_type":"SuperGroup","long_id":"$05000000416ccb3f8529e2284b3e9ed6","settings":{"flood":"yes","lock_spam":"yes","strict":"no","lock_contacts":"no","public":"no","lock_rtl":"no","set_name":"پشتیبانی ربات ضدلینک","lock_sticker":"no","lock_link":"yes","lock_arabic":"no","member":"no","lock_tgservice":"yes"},"set_owner":253516377},"1074867626":{"moderators":[],"group_type":"SuperGroup","long_id":"$05000000aa2d1140b82174b285932f74","settings":{"flood":"yes","lock_spam":"yes","strict":"no","lock_contacts":"no","public":"no","lock_rtl":"no","set_name":"Nero Test","lock_sticker":"no","lock_link":"no","lock_arabic":"no","member":"no","lock_tgservice":"yes"},"set_owner":65761134},"1052259291":{"moderators":{"242019561":"(at)AFProtect"},"group_type":"SuperGroup","long_id":"$05000000db33b83e81b40393bfd4dd0f","settings":{"flood":"yes","lock_spam":"yes","strict":"no","english":"yes","reply":"yes","lock_contacts":"no","public":"no","lock_rtl":"no","lock_link":"no","lock_sticker":"no","lock_arabic":"no","set_name":"BlackPlus","member":"no","lock_tgservice":"yes"},"set_owner":253320198},"1080398681":{"moderators":[],"group_type":"SuperGroup","long_id":"$050000005993654010001f88c8d9252e","settings":{"flood":"yes","lock_spam":"yes","strict":"no","lock_contacts":"no","public":"no","lock_rtl":"no","set_name":"منو عشقم يهويي 😍","lock_sticker":"no","lock_link":"no","lock_arabic":"no","member":"no","lock_tgservice":"yes"},"set_owner":112826146},"1090105736":{"moderators":[],"group_type":"SuperGroup","long_id":"$0500000088b1f9400395b018d9cc5586","settings":{"flood":"yes","lock_spam":"yes","strict":"no","lock_contacts":"no","public":"no","lock_rtl":"no","set_name":"A F R B O T S","lock_sticker":"no","lock_link":"no","lock_arabic":"no","member":"no","lock_tgservice":"yes"},"set_owner":180890008},"1077287223":{"moderators":[],"group_type":"SuperGroup","long_id":"$05000000371936402130eb6016d5ab6c","settings":{"flood":"yes","lock_spam":"yes","strict":"no","lock_contacts":"no","public":"no","lock_rtl":"no","set_name":"Protect","lock_sticker":"no","lock_link":"no","lock_arabic":"no","member":"no","lock_tgservice":"yes"},"set_owner":113566842},"1067671566":{"moderators":[],"group_type":"SuperGroup","long_id":"$050000000e60a33ffc44a422f5fe026e","settings":{"flood":"yes","flood_msg_max":"5","lock_spam":"yes","strict":"no","lock_contacts":"no","public":"no","lock_rtl":"no","set_name":"↭ًٍخًٍیًٍــًٍـًٍـًٍـًٍـًٍـًٍـًٍـًٍـًٍـًٍـًٍاًٍلًٍ↭ ًٍ","lock_sticker":"no","lock_link":"yes","lock_arabic":"no","member":"no","lock_tgservice":"yes"},"set_owner":113566842}}