{"groups":{"1085323712":1085323712,"1079544051":1079544051,"1086777533":1086777533,"1056235756":1056235756,"1051521145":1051521145,"1095216324":1095216324,"1052082158":1052082158,"1074941697":1074941697,"1079834077":1079834077,"1056866529":1056866529,"1038247427":1038247427,"1088673442":1088673442,"1074811771":1074811771,"1070270724":1070270724,"1050959836":1050959836},"1085323712":{"settings":{"strict":"no","lock_arabic":"no","flood":"yes","lock_link":"yes","set_name":"TestBots","public":"no","lock_tgservice":"yes","lock_sticker":"no","lock_rtl":"no","lock_spam":"yes","member":"no","lock_contacts":"no"},"moderators":[],"set_owner":314327112,"group_type":"SuperGroup","long_id":"$05000000c0b9b04089e6e7db865e1cea"},"1079544051":{"settings":{"strict":"no","lock_arabic":"no","flood":"no","lock_link":"no","set_name":"✔تجارت وسایل مهاباد✔","public":"no","lock_tgservice":"yes","lock_sticker":"no","lock_rtl":"no","lock_spam":"yes","member":"no","lock_contacts":"no"},"moderators":{"191230235":"(at)Zahra04422","179002447":"ندا✔مدیرتجارت ","97481928":"(at)Hananadia","199173096":"✔شادی✔مدیر تجارت "},"set_owner":"179002447","group_type":"SuperGroup","long_id":"$05000000f3885840e57177742654807d"},"1086777533":{"settings":{"strict":"no","lock_arabic":"no","lock_fwd":"yes","lock_tgservice":"yes","username":"yes","lock_spam":"yes","tag":"yes","fosh":"yes","lock_rtl":"no","flood":"yes","set_name":"❤❤هر كي هر كيوو دوس داره ❤❤","lock_link":"yes","lock_sticker":"no","media":"yes","lock_contacts":"no","member":"no","public":"no"},"moderators":{"245743155":"(at)marg1221","214918496":"(at)M6068","220754453":"(at)me1878"},"set_owner":"220754453","group_type":"SuperGroup","long_id":"$05000000bde8c640feb5cce515099862"},"1056235756":{"settings":{"strict":"no","lock_arabic":"no","lock_fwd":"yes","lock_bots":"yes","set_photo":"data/photos/channel_photo_1056235756.jpg","set_link":"https://telegram.me/joinchat/DlSlxD704OysqpJ3ocMNlg","flood_msg_max":"5","lock_rtl":"no","flood":"yes","set_name":"❤️😍دروهمی❤️😍","public":"no","lock_tgservice":"yes","lock_sticker":"no","lock_spam":"yes","lock_contacts":"yes","member":"no","lock_link":"yes"},"moderators":{"240428484":"(at)Mehrabzs"},"set_owner":"296047311","group_type":"SuperGroup","long_id":"$05000000ece0f43e72114f24d9399428"},"1051521145":{"settings":{"strict":"no","lock_arabic":"no","public":"no","flood":"yes","lock_link":"yes","set_name":"انجمن اهورا``مزدا``","lock_rtl":"no","lock_tgservice":"yes","lock_sticker":"yes","lock_contacts":"no","lock_spam":"yes","member":"no","flood_msg_max":"5"},"moderators":[],"set_owner":"103102010","group_type":"SuperGroup","long_id":"$0500000079f0ac3e0e6d9e55f56364f2"},"1095216324":{"settings":{"strict":"no","lock_arabic":"no","lock_contacts":"no","lock_rtl":"no","flood":"yes","lock_link":"no","set_name":"پشتيباني ربات(AF)","username":"yes","lock_tgservice":"yes","lock_sticker":"no","lock_spam":"yes","public":"no","member":"no","cmd":"yes"},"moderators":{"300168274":"(at)AFdolat"},"set_owner":272461284,"group_type":"SuperGroup","long_id":"$05000000c4ac4741c51e635272a03e01"},"1052082158":{"settings":{"strict":"no","lock_arabic":"no","flood":"yes","lock_link":"yes","set_name":"🔱  آریا  🔱","public":"no","lock_tgservice":"yes","lock_sticker":"no","lock_rtl":"no","lock_spam":"yes","member":"no","lock_contacts":"no"},"moderators":{"325871865":"(at)Ahoraiy7"},"set_owner":"237865261","group_type":"SuperGroup","long_id":"$05000000ee7fb53ec0f5f67e8d28d96c"},"1088673442":{"settings":{"strict":"no","lock_arabic":"no","lock_bots":"yes","lock_rtl":"no","lock_fwd":"yes","flood":"yes","lock_link":"yes","set_name":"🎻🎶 پًًرٍشینٍ موًُزیَکُ 🎶🎸","lock_spam":"yes","lock_tgservice":"yes","lock_sticker":"yes","public":"no","lock_contacts":"yes","member":"no","fosh":"yes"},"moderators":{"295166032":"(at)Heliyaa320","244263600":"(at)AFProtect","230351351":"(at)yashadimm","288100259":"(at)AFNiTro"},"set_owner":"295166032","group_type":"SuperGroup","long_id":"$05000000a2d6e34004d3ba0503b93ca3"},"1079834077":{"settings":{"strict":"no","lock_arabic":"no","flood":"yes","lock_link":"no","set_name":"صابون سفید آب (تروسکه)","public":"no","lock_tgservice":"yes","lock_sticker":"no","lock_rtl":"no","lock_spam":"yes","member":"no","lock_contacts":"no"},"moderators":[],"set_owner":275333603,"group_type":"SuperGroup","long_id":"$05000000ddf55c409caf016e4f6e8349"},"1056866529":{"settings":{"strict":"no","lock_arabic":"no","lock_bots":"no","lock_rtl":"no","lock_tgservice":"yes","flood":"no","lock_link":"yes","set_name":"🍴آشپَزے دورهَمے🍟","username":"yes","lock_contacts":"no","lock_sticker":"no","public":"no","lock_spam":"no","member":"no","flood_msg_max":"10"},"moderators":{"242049828":"(at)masii1367","194170094":"(at)Miss_eli619","158178847":"(at)eli137333"},"set_owner":"124980460","group_type":"SuperGroup","long_id":"$05000000e180fe3e2d7edbf9059aa99e"},"1038247427":{"settings":{"strict":"no","lock_arabic":"no","tag":"yes","lock_rtl":"no","lock_tgservice":"yes","flood":"no","lock_link":"yes","set_name":"چهارده معصوم علیهم السلام","lock_contacts":"no","cmd":"yes","lock_sticker":"no","public":"no","lock_spam":"yes","member":"no","flood_msg_max":"20"},"moderators":{"123402375":"(at)Rozeabi34","206527462":"(at)yeeesss","203895261":"(at)PR0B0T","194422373":"(at)staghvayi","177939012":"(at)Rezaipor","258023883":"(at)Kanez313","148460737":"(at)M_A_M_R","288100259":"(at)AFNiTro","264003697":"(at)IRDevs","134853023":"(at)AHDZPA","216466260":"(at)A_A_H_A","255965258":"(at)Zeyart"},"set_owner":"92274978","group_type":"SuperGroup","long_id":"$050000000366e23d4746fb28b6fb7ae1"},"1074941697":{"settings":{"strict":"no","lock_arabic":"no","cmd":"yes","lock_rtl":"no","flood":"yes","lock_link":"no","set_name":"پشتيباني كهكشان","lock_tgservice":"yes","lock_contacts":"no","lock_sticker":"no","public":"no","lock_spam":"yes","member":"no","fosh":"yes"},"moderators":[],"set_owner":"113566842","group_type":"SuperGroup","long_id":"$05000000014f124005fca93f7700a0e2"},"1074811771":{"settings":{"strict":"no","lock_arabic":"no","lock_bots":"no","lock_rtl":"no","lock_tgservice":"yes","flood":"yes","lock_link":"yes","set_name":"Laass & & vegaass","inline":"yes","lock_contacts":"yes","lock_sticker":"yes","public":"no","lock_spam":"yes","member":"no","media":"yes"},"moderators":{"229533808":"(at)Crwn_bot","92637994":"Roshanak"},"set_owner":"171399278","group_type":"SuperGroup","long_id":"$050000007b53104069e85e57cb7f2baa"},"1070270724":{"settings":{"strict":"no","lock_arabic":"no","lock_fwd":"yes","lock_bots":"yes","username":"yes","public":"no","flood_msg_max":"15","lock_rtl":"no","fosh":"yes","flood":"yes","lock_tgservice":"yes","set_name":"دختروپسران ازاد","inline":"yes","lock_spam":"yes","lock_sticker":"no","lock_link":"yes","lock_contacts":"no","member":"no","cmd":"yes"},"moderators":{"122110226":"(at)mr98_bot1","288100259":"(at)AFNiTro","173996933":"(at)PayamZzz1371"},"set_owner":"173996933","group_type":"SuperGroup","long_id":"$050000000409cb3f19cb50ec58f0b6a3"},"1050959836":{"settings":{"strict":"no","lock_arabic":"no","flood":"yes","lock_link":"no","set_name":"🌍 ایران 🌏","public":"no","lock_tgservice":"yes","lock_sticker":"no","lock_rtl":"no","lock_spam":"yes","member":"no","lock_contacts":"no"},"moderators":{"325871865":"(at)Ahoraiy7"},"set_owner":"237865261","group_type":"SuperGroup","long_id":"$05000000dc5fa43e57da28883c00f673"}}